from_id,cum_15
E00041363,87
E00041364,96
E00041366,81
E00041367,85
E00041368,86
E00041369,67
E00041370,53
E00041371,84
E00041372,68
E00041374,58
E00041375,13
E00041376,26
E00041377,68
E00041378,91
E00041380,88
E00041381,6
E00041382,74
E00041383,85
E00041384,86
E00041385,4
E00041386,70
E00041388,84
E00041389,82
E00041390,56
E00041393,104
E00041394,93
E00041395,95
E00041397,110
E00041399,115
E00041400,30
E00041401,118
E00041402,121
E00041404,110
E00041405,1
E00041406,120
E00041407,111
E00041408,56
E00041409,101
E00041410,56
E00041411,36
E00041413,89
E00041414,94
E00041415,1
E00041416,73
E00041417,14
E00041418,14
E00041419,12
E00041420,12
E00041421,11
E00041422,46
E00041423,13
E00041424,33
E00041425,8
E00041426,6
E00041427,6
E00041429,54
E00041430,52
E00041431,51
E00041432,23
E00041433,52
E00041434,52
E00041435,52
E00041436,43
E00041437,23
E00041438,18
E00041439,61
E00041440,21
E00041441,16
E00041442,38
E00041443,29
E00041444,29
E00041446,56
E00041447,58
E00041448,9
E00041449,64
E00041450,56
E00041451,55
E00041452,7
E00041454,62
E00041455,14
E00041456,35
E00041457,58
E00041458,26
E00041459,31
E00041460,30
E00041461,67
E00041462,53
E00041463,55
E00041464,68
E00041465,44
E00041466,26
E00041467,38
E00041468,12
E00041469,46
E00041470,49
E00041471,13
E00041473,24
E00041474,35
E00041475,35
E00041476,5
E00041477,21
E00041478,10
E00041479,35
E00041480,31
E00041481,4
E00041482,6
E00041483,10
E00041484,30
E00041485,11
E00041486,11
E00041487,10
E00041488,11
E00041489,8
E00041491,19
E00041492,1
E00041493,18
E00041494,16
E00041495,1
E00041499,19
E00041501,38
E00041502,38
E00041503,38
E00041504,7
E00041505,33
E00041506,73
E00041507,85
E00041508,34
E00041509,30
E00041510,36
E00041511,33
E00041512,40
E00041513,47
E00041514,40
E00041515,8
E00041516,28
E00041517,31
E00041518,39
E00041519,26
E00041520,24
E00041521,42
E00041522,28
E00041523,42
E00041524,23
E00041525,32
E00041526,28
E00041527,17
E00041528,45
E00041529,1
E00041530,23
E00041532,39
E00041533,32
E00041534,50
E00041535,36
E00041536,23
E00041538,30
E00041539,30
E00041540,11
E00041541,22
E00041542,27
E00041543,15
E00041544,17
E00041545,20
E00041546,30
E00041547,4
E00041548,10
E00041549,10
E00041550,20
E00041551,19
E00041552,28
E00041553,28
E00041554,28
E00041555,14
E00041556,20
E00041557,18
E00041558,18
E00041559,6
E00041560,21
E00041561,15
E00041562,2
E00041563,9
E00041564,26
E00041565,25
E00041566,25
E00041567,27
E00041570,30
E00041571,74
E00041572,83
E00041573,78
E00041574,60
E00041575,57
E00041576,51
E00041577,52
E00041578,63
E00041579,57
E00041580,67
E00041581,36
E00041582,51
E00041583,49
E00041584,54
E00041585,52
E00041586,65
E00041587,84
E00041588,41
E00041589,92
E00041590,69
E00041591,53
E00041592,67
E00041593,65
E00041594,62
E00041595,64
E00041596,73
E00041597,6
E00041598,67
E00041599,56
E00041600,55
E00041601,51
E00041602,68
E00041604,55
E00041605,45
E00041606,45
E00041607,20
E00041608,60
E00041610,53
E00041611,54
E00041614,75
E00041615,60
E00041617,66
E00041619,53
E00041620,61
E00041621,47
E00041622,36
E00041623,58
E00041624,52
E00041625,21
E00041626,36
E00041627,73
E00041629,56
E00041630,55
E00041631,53
E00041632,55
E00041633,52
E00041634,84
E00041635,57
E00041636,72
E00041637,110
E00041638,49
E00041639,95
E00041640,79
E00041641,67
E00041642,66
E00041643,81
E00041644,70
E00041645,49
E00041646,87
E00041647,75
E00041648,81
E00041649,67
E00041650,84
E00041651,98
E00041652,64
E00041653,93
E00041654,104
E00041655,89
E00041656,87
E00041657,93
E00041658,63
E00041659,73
E00041660,69
E00041661,49
E00041662,69
E00041663,71
E00041665,55
E00041666,82
E00041667,66
E00041668,55
E00041670,36
E00041671,59
E00041672,80
E00041675,70
E00041676,77
E00041677,82
E00041678,6
E00041679,103
E00041680,73
E00041681,64
E00041682,65
E00041683,53
E00041684,56
E00041685,77
E00041686,41
E00041687,58
E00041688,57
E00041689,85
E00041690,81
E00041691,24
E00041693,93
E00041694,47
E00041695,29
E00041696,54
E00041697,70
E00041698,52
E00041699,39
E00041700,48
E00041701,99
E00041702,50
E00041703,41
E00041704,29
E00041705,14
E00041706,25
E00041707,25
E00041709,32
E00041710,14
E00041711,73
E00041712,14
E00041713,14
E00041714,41
E00041715,62
E00041716,47
E00041717,82
E00041718,81
E00041719,66
E00041720,39
E00041721,51
E00041722,42
E00041723,38
E00041724,14
E00041725,60
E00041726,84
E00041727,50
E00041728,24
E00041729,63
E00041730,42
E00041731,79
E00041732,35
E00041733,74
E00041734,61
E00041735,47
E00041736,78
E00041737,34
E00041738,62
E00041739,60
E00041740,30
E00041741,58
E00041742,54
E00041743,29
E00041744,37
E00041745,60
E00041746,82
E00041747,66
E00041748,77
E00041749,75
E00041750,44
E00041751,46
E00041752,43
E00041753,55
E00041754,44
E00041755,47
E00041756,92
E00041757,79
E00041758,49
E00041759,52
E00041760,45
E00041761,46
E00041762,42
E00041763,41
E00041764,91
E00041765,34
E00041766,20
E00041767,16
E00041768,92
E00041769,32
E00041770,72
E00041771,50
E00041772,42
E00041773,53
E00041774,39
E00041775,48
E00041776,54
E00041777,51
E00041778,41
E00041779,51
E00041780,53
E00041781,55
E00041783,49
E00041784,32
E00041785,47
E00041786,72
E00041787,77
E00041788,93
E00041789,69
E00041790,83
E00041791,62
E00041792,51
E00041793,66
E00041794,48
E00041795,59
E00041796,51
E00041797,52
E00041798,21
E00041799,72
E00041800,65
E00041801,56
E00041802,54
E00041803,67
E00041804,46
E00041805,60
E00041806,67
E00041807,65
E00041809,9
E00041810,41
E00041811,68
E00041812,91
E00041813,1
E00041815,29
E00041817,8
E00041818,45
E00041819,45
E00041820,21
E00041822,13
E00041825,38
E00041826,6
E00041827,46
E00041829,39
E00041830,44
E00041831,37
E00041832,9
E00041833,44
E00041834,35
E00041835,40
E00041836,23
E00041837,35
E00041838,10
E00041839,38
E00041840,14
E00041841,27
E00041842,39
E00041843,27
E00041844,25
E00041845,26
E00041846,82
E00041847,75
E00041848,85
E00041849,99
E00041850,62
E00041851,108
E00041852,108
E00041853,106
E00041854,105
E00041855,83
E00041856,81
E00041857,105
E00041858,85
E00041859,46
E00041860,58
E00041861,81
E00041862,94
E00041863,82
E00041864,1
E00041865,35
E00041866,103
E00041867,96
E00041868,104
E00041869,86
E00041870,101
E00041871,99
E00041872,91
E00041873,88
E00041874,89
E00041875,98
E00041876,83
E00041877,27
E00041878,45
E00041879,30
E00041880,69
E00041881,96
E00041882,59
E00041883,36
E00041884,55
E00041885,79
E00041886,4
E00041887,24
E00041888,95
E00041889,37
E00041890,27
E00041891,33
E00041892,33
E00041893,41
E00041894,33
E00041895,33
E00041896,27
E00041897,29
E00041898,28
E00041899,59
E00041902,97
E00041903,86
E00041904,69
E00041905,73
E00041906,73
E00041907,71
E00041908,85
E00041909,72
E00041910,52
E00041911,35
E00041912,38
E00041913,27
E00041914,58
E00041915,46
E00041916,49
E00041917,46
E00041918,44
E00041919,40
E00041920,50
E00041921,50
E00041922,40
E00041923,48
E00041924,38
E00041925,45
E00041926,42
E00041927,51
E00041928,29
E00041929,45
E00041930,26
E00041931,9
E00041932,41
E00041933,7
E00041934,30
E00041935,49
E00041936,3
E00041937,27
E00041938,19
E00041940,51
E00041941,4
E00041942,55
E00041943,41
E00041944,49
E00041945,51
E00041946,10
E00041947,10
E00041948,7
E00041949,10
E00041950,18
E00041951,11
E00041952,14
E00041953,8
E00041954,2
E00041955,9
E00041956,16
E00041957,7
E00041958,8
E00041959,12
E00041960,28
E00041961,3
E00041962,6
E00041963,11
E00041964,11
E00041965,10
E00041966,11
E00041967,11
E00041968,11
E00041969,11
E00041970,11
E00041971,22
E00041972,20
E00041973,24
E00041974,11
E00041975,16
E00041976,3
E00041977,24
E00041978,8
E00041979,8
E00041981,1
E00041982,23
E00041983,47
E00041984,34
E00041985,40
E00041986,52
E00041987,43
E00041988,44
E00041989,21
E00041990,22
E00041991,25
E00041992,33
E00041993,37
E00041994,25
E00041995,34
E00041996,27
E00041997,18
E00041998,24
E00041999,24
E00042000,15
E00042001,19
E00042002,57
E00042003,62
E00042004,39
E00042005,24
E00042006,56
E00042008,31
E00042009,23
E00042010,74
E00042011,39
E00042012,6
E00042013,39
E00042014,40
E00042015,33
E00042016,34
E00042017,25
E00042018,30
E00042019,23
E00042020,67
E00042021,18
E00042022,54
E00042023,11
E00042024,38
E00042025,31
E00042026,35
E00042027,45
E00042028,45
E00042029,28
E00042030,50
E00042031,57
E00042032,50
E00042033,25
E00042035,42
E00042036,41
E00042037,50
E00042038,46
E00042039,56
E00042040,39
E00042041,38
E00042042,69
E00042043,34
E00042044,35
E00042045,42
E00042046,109
E00042047,93
E00042048,15
E00042049,34
E00042050,28
E00042051,42
E00042052,61
E00042053,85
E00042054,35
E00042055,16
E00042056,87
E00042057,90
E00042058,88
E00042059,101
E00042061,106
E00042062,112
E00042064,101
E00042065,95
E00042066,109
E00042067,35
E00042068,40
E00042069,36
E00042070,22
E00042071,26
E00042072,38
E00042073,43
E00042074,27
E00042075,54
E00042076,51
E00042077,24
E00042078,15
E00042079,16
E00042080,26
E00042081,53
E00042082,41
E00042083,22
E00042084,39
E00042085,44
E00042086,44
E00042087,46
E00042088,40
E00042089,43
E00042090,48
E00042091,29
E00042092,32
E00042093,55
E00042094,31
E00042095,23
E00042096,35
E00042097,19
E00042099,22
E00042100,47
E00042101,47
E00042102,35
E00042103,48
E00042104,59
E00042106,42
E00042107,91
E00042108,99
E00042109,81
E00042110,90
E00042111,96
E00042112,78
E00042113,92
E00042114,78
E00042115,55
E00042116,62
E00042117,94
E00042118,89
E00042120,32
E00042121,85
E00042122,78
E00042123,31
E00042124,41
E00042125,113
E00042126,118
E00042127,114
E00042128,114
E00042129,108
E00042130,74
E00042131,83
E00042132,101
E00042133,90
E00042134,78
E00042135,88
E00042136,101
E00042137,72
E00042138,80
E00042139,80
E00042140,53
E00042141,44
E00042142,63
E00042143,41
E00042144,41
E00042145,45
E00042146,52
E00042147,38
E00042148,45
E00042149,45
E00042150,43
E00042151,51
E00042152,2
E00042153,16
E00042154,17
E00042155,29
E00042156,21
E00042157,6
E00042158,7
E00042159,7
E00042160,52
E00042161,7
E00042162,6
E00042164,15
E00042165,7
E00042166,11
E00042168,10
E00042169,17
E00042170,23
E00042171,9
E00042172,60
E00042173,25
E00042174,21
E00042175,26
E00042176,23
E00042177,71
E00042178,23
E00042179,40
E00042180,24
E00042182,67
E00042183,19
E00042184,55
E00042185,69
E00042186,33
E00042187,80
E00042188,75
E00042189,36
E00042190,18
E00042191,79
E00042192,77
E00042193,55
E00042194,58
E00042195,39
E00042196,69
E00042197,99
E00042198,41
E00042199,12
E00042200,16
E00042201,34
E00042202,38
E00042203,93
E00042205,36
E00042206,41
E00042207,34
E00042208,33
E00042209,47
E00042210,42
E00042211,49
E00042212,33
E00042213,24
E00042214,52
E00042215,52
E00042216,53
E00042217,44
E00042218,52
E00042219,87
E00042220,23
E00042221,46
E00042222,50
E00042223,44
E00042224,28
E00042225,38
E00042226,56
E00042227,56
E00042228,19
E00042229,51
E00042230,57
E00042232,37
E00042233,27
E00042234,20
E00042235,19
E00042236,32
E00042237,36
E00042238,57
E00042240,28
E00042241,37
E00042242,29
E00042243,23
E00042244,24
E00042245,43
E00042246,40
E00042247,38
E00042248,27
E00042249,37
E00042250,41
E00042251,26
E00042252,43
E00042253,32
E00042254,19
E00042255,52
E00042256,49
E00042257,20
E00042258,38
E00042259,36
E00042260,55
E00042261,40
E00042262,82
E00042263,61
E00042264,55
E00042265,90
E00042266,52
E00042267,74
E00042268,37
E00042269,88
E00042270,67
E00042271,73
E00042272,118
E00042273,81
E00042274,96
E00042275,85
E00042276,143
E00042277,134
E00042278,56
E00042279,96
E00042280,90
E00042281,99
E00042282,34
E00042283,98
E00042284,121
E00042285,131
E00042286,100
E00042287,20
E00042288,31
E00042289,34
E00042290,25
E00042291,43
E00042292,23
E00042293,56
E00042294,45
E00042295,52
E00042296,39
E00042297,42
E00042298,60
E00042299,42
E00042300,42
E00042301,38
E00042302,45
E00042303,38
E00042304,34
E00042305,50
E00042306,42
E00042307,56
E00042308,43
E00042309,104
E00042310,13
E00042311,25
E00042312,37
E00042313,45
E00042314,39
E00042315,30
E00042316,44
E00042317,37
E00042318,41
E00042319,45
E00042320,40
E00042321,43
E00042322,45
E00042323,45
E00042324,51
E00042325,42
E00042326,34
E00042327,51
E00042328,41
E00042329,2
E00042330,53
E00042331,50
E00042332,59
E00042333,59
E00042334,53
E00042335,56
E00042336,53
E00042337,60
E00042338,48
E00042339,40
E00042340,48
E00042341,48
E00042342,40
E00042343,49
E00042344,39
E00042345,41
E00042347,43
E00042348,45
E00042349,44
E00042350,39
E00042351,22
E00042352,45
E00042353,41
E00042354,66
E00042355,64
E00042356,66
E00042357,59
E00042358,60
E00042359,55
E00042360,34
E00042361,50
E00042362,56
E00042363,27
E00042364,64
E00042365,18
E00042366,40
E00042367,37
E00042368,31
E00042369,38
E00042370,46
E00042371,52
E00042372,41
E00042373,58
E00042374,52
E00042375,53
E00042376,26
E00042377,24
E00042378,50
E00042379,49
E00042380,31
E00042381,49
E00042382,51
E00042383,33
E00042384,33
E00042385,35
E00042386,20
E00042387,30
E00042388,34
E00042389,39
E00042390,34
E00042391,32
E00042392,31
E00042393,24
E00042394,30
E00042395,49
E00042396,35
E00042397,41
E00042398,105
E00042399,13
E00042400,36
E00042401,15
E00042402,50
E00042403,43
E00042404,40
E00042405,32
E00042406,44
E00042407,52
E00042408,90
E00042409,45
E00042410,45
E00042411,47
E00042412,84
E00042413,84
E00042414,87
E00042415,85
E00042416,55
E00042417,51
E00042418,84
E00042419,53
E00042420,40
E00042421,38
E00042422,58
E00042423,81
E00042424,70
E00042425,48
E00042426,59
E00042427,53
E00042428,57
E00042429,73
E00042430,47
E00042431,54
E00042432,78
E00042433,87
E00042434,85
E00042435,89
E00042436,78
E00042437,104
E00042438,102
E00042439,1
E00042440,79
E00042441,71
E00042442,68
E00042443,53
E00042444,57
E00042445,58
E00042446,67
E00042447,53
E00042448,50
E00042449,63
E00042450,65
E00042451,68
E00042452,67
E00042453,57
E00042454,63
E00042455,66
E00042456,58
E00042457,80
E00042458,72
E00042459,65
E00042460,73
E00042461,62
E00042462,63
E00042463,70
E00042464,65
E00042465,71
E00042466,79
E00042467,80
E00042468,87
E00042469,68
E00042470,61
E00042471,48
E00042472,32
E00042473,58
E00042474,56
E00042475,58
E00042476,58
E00042477,57
E00042478,54
E00042479,42
E00042480,64
E00042481,57
E00042482,47
E00042483,55
E00042484,63
E00042485,64
E00042486,58
E00042487,57
E00042488,30
E00042489,59
E00042490,38
E00042491,54
E00042492,46
E00042493,64
E00042494,43
E00042495,54
E00042496,25
E00042498,22
E00042499,41
E00042500,22
E00042501,116
E00042502,19
E00042503,59
E00042504,46
E00042505,67
E00042506,25
E00042507,64
E00042508,49
E00042509,40
E00042510,55
E00042511,45
E00042512,60
E00042513,24
E00042514,41
E00042515,29
E00042516,43
E00042517,19
E00042518,30
E00042519,35
E00042520,32
E00042521,32
E00042522,37
E00042523,29
E00042524,31
E00042525,38
E00042526,31
E00042527,33
E00042528,31
E00042529,26
E00042530,38
E00042531,43
E00042532,35
E00042533,32
E00042534,38
E00042535,37
E00042536,39
E00042537,32
E00042538,5
E00042539,31
E00042540,30
E00042541,30
E00042542,3
E00042543,22
E00042544,36
E00042545,33
E00042546,15
E00042547,16
E00042548,80
E00042549,78
E00042550,62
E00042551,6
E00042552,33
E00042553,25
E00042554,53
E00042555,48
E00042556,13
E00042557,35
E00042558,35
E00042559,29
E00042560,42
E00042561,59
E00042562,53
E00042563,66
E00042564,48
E00042565,59
E00042566,69
E00042567,61
E00042568,21
E00042569,79
E00042570,70
E00042571,73
E00042572,64
E00042573,53
E00042574,62
E00042575,77
E00042576,86
E00042577,96
E00042578,125
E00042579,47
E00042580,75
E00042581,91
E00042582,110
E00042583,74
E00042584,105
E00042585,95
E00042586,104
E00042587,14
E00042588,130
E00042589,118
E00042590,76
E00042591,107
E00042592,94
E00042593,115
E00042594,82
E00042595,63
E00042596,71
E00042597,64
E00042598,83
E00042599,73
E00042600,80
E00042601,77
E00042604,81
E00042605,75
E00042606,98
E00042607,95
E00042608,92
E00042609,68
E00042610,8
E00042611,49
E00042612,45
E00042613,18
E00042614,19
E00042616,18
E00042617,18
E00042618,18
E00042619,27
E00042620,42
E00042621,24
E00042622,18
E00042623,19
E00042624,30
E00042625,20
E00042626,1
E00042627,48
E00042628,18
E00042629,28
E00042630,30
E00042631,30
E00042632,33
E00042633,48
E00042635,25
E00042636,42
E00042637,20
E00042638,32
E00042640,18
E00042641,91
E00042642,98
E00042643,103
E00042644,102
E00042645,90
E00042646,72
E00042647,104
E00042648,85
E00042649,104
E00042650,85
E00042651,103
E00042652,86
E00042653,93
E00042654,104
E00042655,88
E00042656,109
E00042657,107
E00042658,110
E00042659,106
E00042661,38
E00042662,105
E00042663,102
E00042664,115
E00042665,73
E00042666,100
E00042667,103
E00042668,104
E00042669,68
E00042670,44
E00042671,62
E00042672,55
E00042673,67
E00042674,52
E00042677,9
E00042679,35
E00042681,87
E00042682,84
E00042683,88
E00042685,53
E00042686,47
E00042687,45
E00042688,42
E00042689,47
E00042690,40
E00042691,37
E00042693,31
E00042694,28
E00042695,22
E00042697,53
E00042702,48
E00042703,53
E00042704,48
E00042705,63
E00042706,61
E00042707,56
E00042708,55
E00042709,66
E00042710,59
E00042711,48
E00042712,58
E00042713,62
E00042714,46
E00042715,60
E00042716,57
E00042717,65
E00042718,49
E00042719,30
E00042720,35
E00042721,72
E00042722,32
E00042723,29
E00042724,31
E00042725,51
E00042726,77
E00042727,64
E00042728,52
E00042729,61
E00042730,34
E00042731,24
E00042732,50
E00042733,38
E00042734,48
E00042735,47
E00042736,64
E00042737,51
E00042738,63
E00042739,50
E00042740,10
E00042741,56
E00042742,53
E00042743,51
E00042745,77
E00042746,64
E00042747,45
E00042748,63
E00042750,54
E00042751,57
E00042752,45
E00042753,58
E00042754,61
E00042755,65
E00042756,33
E00042757,45
E00042758,23
E00042759,46
E00042760,44
E00042761,50
E00042762,50
E00042763,54
E00042764,43
E00042765,54
E00042766,44
E00042767,44
E00042768,42
E00042769,50
E00042770,47
E00042771,57
E00042772,36
E00042773,39
E00042774,39
E00042775,36
E00042776,34
E00042777,51
E00042778,51
E00042779,41
E00042780,43
E00042781,48
E00042782,45
E00042783,51
E00042784,25
E00042785,29
E00042786,45
E00042787,31
E00042788,18
E00042789,40
E00042790,36
E00042791,40
E00042792,39
E00042793,10
E00042794,36
E00042795,38
E00042796,9
E00042797,74
E00042798,34
E00042799,38
E00042800,44
E00042801,37
E00042802,19
E00042803,93
E00042805,118
E00042806,116
E00042807,98
E00042808,113
E00042810,102
E00042811,117
E00042812,118
E00042814,92
E00042816,90
E00042818,101
E00042819,103
E00042820,105
E00042822,56
E00042823,55
E00042824,60
E00042825,92
E00042826,65
E00042827,118
E00042828,121
E00042829,76
E00042830,61
E00042831,37
E00042832,15
E00042833,51
E00042834,39
E00042835,35
E00042836,29
E00042837,42
E00042838,46
E00042839,37
E00042840,19
E00042841,45
E00042842,59
E00042843,35
E00042844,50
E00042845,52
E00042846,58
E00042847,55
E00042848,55
E00042849,47
E00042850,47
E00042851,34
E00042852,48
E00042853,51
E00042854,43
E00042855,51
E00042856,21
E00042857,41
E00042858,42
E00042859,42
E00042860,37
E00042861,48
E00042862,52
E00042863,35
E00042864,35
E00042865,34
E00042866,46
E00042867,49
E00042868,31
E00042869,38
E00042870,5
E00042871,47
E00042872,54
E00042873,57
E00042874,36
E00042875,79
E00042876,58
E00042877,51
E00042878,71
E00042879,63
E00042880,50
E00042881,45
E00042882,45
E00042883,44
E00042884,40
E00042885,56
E00042886,43
E00042887,46
E00042888,44
E00042889,54
E00042890,39
E00042891,54
E00042892,45
E00042893,62
E00042894,52
E00042895,57
E00042896,111
E00042897,61
E00042898,72
E00042899,109
E00042900,41
E00042901,141
E00042902,87
E00042903,52
E00042904,31
E00042905,32
E00042906,61
E00042907,44
E00042908,31
E00042909,30
E00042910,2
E00042911,21
E00042912,36
E00042913,32
E00042915,21
E00042916,25
E00042917,24
E00042918,25
E00042919,26
E00042920,25
E00042921,22
E00042922,25
E00042923,30
E00042924,36
E00042925,30
E00042926,22
E00042927,26
E00042928,51
E00042929,19
E00042930,60
E00042931,62
E00042932,59
E00042933,88
E00042934,35
E00042935,69
E00042937,60
E00042939,63
E00042940,2
E00042941,64
E00042942,40
E00042943,63
E00042944,34
E00042945,39
E00042946,28
E00042947,21
E00042948,40
E00042949,42
E00042950,41
E00042951,39
E00042952,30
E00042953,41
E00042954,35
E00042955,37
E00042956,44
E00042957,50
E00042958,45
E00042959,74
E00042960,64
E00042961,26
E00042962,82
E00042963,82
E00042964,78
E00042965,79
E00042966,79
E00042967,25
E00042968,67
E00042969,16
E00042970,60
E00042971,26
E00042972,32
E00042973,24
E00042974,26
E00042975,33
E00042976,25
E00042977,23
E00042978,23
E00042979,34
E00042980,29
E00042981,33
E00042982,28
E00042983,58
E00042984,24
E00042985,31
E00042986,24
E00042987,15
E00042988,24
E00042989,25
E00042990,25
E00042991,22
E00042992,15
E00042993,34
E00042994,27
E00042995,23
E00042996,29
E00042997,37
E00042998,25
E00042999,36
E00043000,26
E00043001,37
E00043002,6
E00043003,8
E00043004,16
E00043005,8
E00043006,16
E00043007,16
E00043008,13
E00043009,24
E00043010,11
E00043011,21
E00043012,29
E00043013,8
E00043014,29
E00043015,29
E00043016,61
E00043017,17
E00043018,54
E00043019,58
E00043020,97
E00043021,41
E00043022,24
E00043023,51
E00043024,20
E00043025,90
E00043026,93
E00043027,23
E00043028,45
E00043029,62
E00043030,1
E00043031,6
E00043032,8
E00043033,12
E00043034,36
E00043035,66
E00043036,29
E00043037,54
E00043038,80
E00043039,16
E00043040,17
E00043041,13
E00043042,43
E00043043,10
E00043044,43
E00043045,32
E00043046,58
E00043047,33
E00043048,50
E00043049,41
E00043050,75
E00043051,69
E00043052,47
E00043053,43
E00043054,48
E00043055,81
E00043056,48
E00043057,47
E00043058,56
E00043059,52
E00043060,37
E00043061,5
E00043062,37
E00043063,8
E00043064,21
E00043065,43
E00043066,19
E00043067,18
E00043068,14
E00043069,14
E00043070,6
E00043071,14
E00043072,22
E00043073,18
E00043074,19
E00043075,16
E00043076,17
E00043077,33
E00043078,15
E00043079,18
E00043080,25
E00043081,16
E00043082,22
E00043083,26
E00043084,23
E00043085,17
E00043086,12
E00043087,22
E00043088,15
E00043089,7
E00043090,44
E00043091,31
E00043092,22
E00043093,14
E00043094,21
E00043095,22
E00043096,12
E00043097,36
E00043098,32
E00043099,40
E00043100,34
E00043101,35
E00043102,33
E00043103,31
E00043104,35
E00043105,28
E00043106,45
E00043107,36
E00043108,28
E00043109,37
E00043110,32
E00043111,33
E00043112,28
E00043113,23
E00043114,30
E00043115,30
E00043116,30
E00043117,46
E00043118,41
E00043119,37
E00043120,40
E00043121,19
E00043122,39
E00043123,30
E00043124,33
E00043125,18
E00043126,22
E00043127,36
E00043128,31
E00043129,27
E00043130,36
E00043131,28
E00043132,35
E00043134,26
E00043135,60
E00043136,75
E00043137,13
E00043138,22
E00043139,95
E00043140,27
E00043141,83
E00043142,24
E00043143,14
E00043144,60
E00043145,71
E00043146,35
E00043147,112
E00043148,15
E00043149,60
E00043150,29
E00043151,45
E00043152,47
E00043153,33
E00043154,32
E00043155,7
E00043156,21
E00043157,28
E00043158,28
E00043159,15
E00043160,31
E00043161,14
E00043162,7
E00043163,29
E00043164,27
E00043165,36
E00043166,31
E00043167,43
E00043168,62
E00043169,61
E00043170,60
E00043171,88
E00043172,87
E00043173,25
E00043174,42
E00043175,71
E00043176,91
E00043177,28
E00043178,22
E00043179,40
E00043180,55
E00043181,11
E00043182,53
E00043183,54
E00043184,52
E00043185,52
E00043186,61
E00043187,15
E00043188,52
E00043190,45
E00043191,21
E00043192,20
E00043193,17
E00043194,26
E00043195,29
E00043196,23
E00043197,37
E00043198,23
E00043199,50
E00043200,49
E00043201,54
E00043202,24
E00043203,5
E00043204,27
E00043205,49
E00043206,26
E00043207,29
E00043208,32
E00043209,23
E00043210,24
E00043211,4
E00043212,25
E00043213,31
E00043214,27
E00043215,25
E00043218,27
E00043220,8
E00043221,22
E00043222,9
E00043223,22
E00043224,14
E00043225,15
E00043226,20
E00043227,13
E00043228,24
E00043229,13
E00043230,15
E00043231,45
E00043232,65
E00043233,52
E00043234,9
E00043235,24
E00043236,20
E00043237,6
E00043238,5
E00043239,59
E00043240,61
E00043241,52
E00043242,78
E00043243,37
E00043244,46
E00043245,79
E00043246,50
E00043247,61
E00043248,20
E00043249,46
E00043250,3
E00043251,21
E00043252,17
E00043253,59
E00043254,24
E00043255,12
E00043256,12
E00043257,44
E00043258,57
E00043259,22
E00043260,12
E00043261,30
E00043262,24
E00043263,11
E00043264,59
E00043265,43
E00043266,58
E00043267,52
E00043268,53
E00043269,58
E00043270,37
E00043271,28
E00043272,42
E00043273,50
E00043274,43
E00043275,43
E00043276,41
E00043277,60
E00043278,69
E00043279,40
E00043280,41
E00043281,45
E00043282,68
E00043283,38
E00043284,64
E00043285,34
E00043286,62
E00043287,46
E00043288,47
E00043289,61
E00043290,43
E00043291,69
E00043292,40
E00043293,65
E00043294,75
E00043295,55
E00043296,71
E00043297,55
E00043298,41
E00043299,68
E00043300,82
E00043301,54
E00043302,33
E00043303,56
E00043304,44
E00043305,13
E00043306,40
E00043307,69
E00043308,8
E00043309,18
E00043311,22
E00043312,63
E00043313,62
E00043314,61
E00043315,9
E00043316,66
E00043317,54
E00043318,69
E00043319,58
E00043320,67
E00043321,11
E00043322,46
E00043323,12
E00043324,24
E00043325,16
E00043326,22
E00043327,24
E00043328,20
E00043329,16
E00043330,16
E00043331,20
E00043332,24
E00043333,17
E00043334,44
E00043335,33
E00043336,22
E00043337,27
E00043338,23
E00043339,38
E00043340,27
E00043341,25
E00043342,52
E00043343,43
E00043344,60
E00043347,3
E00043348,54
E00043349,55
E00043350,67
E00043351,67
E00043352,55
E00043353,18
E00043354,82
E00043355,35
E00043356,75
E00043357,22
E00043358,54
E00043359,62
E00043360,37
E00043361,37
E00043362,39
E00043363,2
E00043364,25
E00043365,37
E00043366,49
E00043367,25
E00043368,16
E00043369,25
E00043370,31
E00043371,44
E00043373,36
E00043374,21
E00043375,80
E00043376,58
E00043377,32
E00043378,45
E00043379,65
E00043380,37
E00043381,70
E00043382,52
E00043383,11
E00043384,28
E00043385,39
E00043386,78
E00043387,74
E00043388,5
E00043389,9
E00043390,26
E00043391,21
E00043392,35
E00043393,22
E00043394,39
E00043395,84
E00043396,59
E00043397,35
E00043398,47
E00043399,45
E00043400,10
E00043401,44
E00043402,32
E00043403,47
E00043404,27
E00043405,15
E00043406,86
E00043407,5
E00043408,38
E00043409,34
E00043410,70
E00043411,34
E00043412,17
E00043413,12
E00043414,33
E00043415,2
E00043416,33
E00043417,42
E00043418,12
E00043419,30
E00043421,26
E00043422,67
E00043423,39
E00043424,64
E00043425,64
E00043426,79
E00043427,77
E00043428,66
E00043429,42
E00043430,62
E00043431,45
E00043432,64
E00043433,65
E00043434,66
E00043435,60
E00043436,37
E00043437,34
E00043438,49
E00043439,17
E00043440,30
E00043441,48
E00043442,44
E00043443,56
E00043444,89
E00043445,74
E00043446,34
E00043447,56
E00043448,35
E00043449,58
E00043450,36
E00043451,55
E00043452,48
E00043453,12
E00043454,40
E00043455,51
E00043456,39
E00043457,16
E00043458,37
E00043459,31
E00043460,36
E00043461,43
E00043462,52
E00043463,68
E00043464,59
E00043465,40
E00043466,53
E00043467,59
E00043468,56
E00043469,43
E00043470,33
E00043471,36
E00043472,40
E00043473,56
E00043474,50
E00043475,52
E00043476,13
E00043477,38
E00043478,20
E00043479,11
E00043480,18
E00043481,19
E00043482,9
E00043484,6
E00043485,25
E00043486,50
E00043487,26
E00043490,17
E00043491,23
E00043492,23
E00043493,37
E00043494,4
E00043495,35
E00043496,44
E00043497,23
E00043498,28
E00043499,28
E00043500,33
E00043501,21
E00043502,34
E00043503,22
E00043504,44
E00043505,32
E00043506,38
E00043507,11
E00043508,23
E00043509,30
E00043510,20
E00043511,52
E00043512,72
E00043513,34
E00043514,47
E00043515,69
E00043516,42
E00043517,40
E00043518,64
E00043519,11
E00043520,60
E00043521,60
E00043522,16
E00043523,59
E00043524,64
E00043525,57
E00043526,52
E00043527,58
E00043528,6
E00043529,63
E00043530,52
E00043531,53
E00043532,55
E00043533,45
E00043534,31
E00043536,83
E00043537,59
E00043538,55
E00043539,48
E00043540,56
E00043541,31
E00043542,55
E00043543,52
E00043544,23
E00043545,11
E00043546,15
E00043547,14
E00043548,19
E00043549,11
E00043550,10
E00043551,14
E00043552,12
E00043553,14
E00043554,12
E00043555,12
E00043556,8
E00043557,8
E00043558,16
E00043559,16
E00043560,10
E00043561,74
E00043562,11
E00043563,14
E00043564,12
E00043565,16
E00043566,13
E00043567,12
E00043568,18
E00043569,18
E00043570,16
E00043571,51
E00043572,12
E00043574,12
E00043575,18
E00043576,9
E00043577,13
E00043578,16
E00043579,11
E00043580,44
E00043581,64
E00043582,90
E00043583,43
E00043584,34
E00043585,52
E00043586,69
E00043587,38
E00043588,37
E00043589,35
E00043590,61
E00043591,63
E00043592,32
E00043593,68
E00043594,78
E00043595,40
E00043596,82
E00043597,43
E00043598,61
E00043599,78
E00043600,43
E00043601,78
E00043602,38
E00043603,76
E00043604,27
E00043605,64
E00043606,67
E00043607,39
E00043608,36
E00043609,41
E00043610,50
E00043611,40
E00043612,52
E00043613,35
E00043614,22
E00043615,34
E00043616,29
E00043617,6
E00043618,35
E00043619,43
E00043620,49
E00043621,41
E00043622,47
E00043623,52
E00043624,44
E00043625,41
E00043626,49
E00043627,41
E00043628,41
E00043629,47
E00043630,49
E00043631,40
E00043632,53
E00043633,26
E00043634,29
E00043636,32
E00043637,77
E00043638,75
E00043640,73
E00043641,39
E00043642,16
E00043643,73
E00043644,40
E00043645,37
E00043646,65
E00043647,57
E00043648,76
E00043649,76
E00043650,82
E00043651,84
E00043652,79
E00043653,55
E00043654,76
E00043655,49
E00043656,88
E00043657,70
E00043658,80
E00043659,63
E00043660,54
E00043661,60
E00043662,67
E00043663,19
E00043664,24
E00043665,44
E00043666,16
E00043667,17
E00043668,17
E00043669,27
E00043670,86
E00043671,111
E00043672,73
E00043673,72
E00043674,89
E00043675,91
E00043676,90
E00043677,77
E00043678,3
E00043679,35
E00043680,21
E00043681,15
E00043682,4
E00043683,17
E00043684,32
E00043685,21
E00043686,26
E00043687,17
E00043688,20
E00043689,48
E00043690,6
E00043691,19
E00043692,3
E00043693,14
E00043694,11
E00043695,2
E00043696,1
E00043697,17
E00043698,2
E00043699,33
E00043700,11
E00043701,29
E00043702,55
E00043703,26
E00043704,11
E00043705,19
E00043706,18
E00043707,24
E00043708,20
E00043709,22
E00043710,7
E00043711,8
E00043712,23
E00043713,40
E00043714,4
E00043715,36
E00043716,8
E00043717,20
E00043718,46
E00043719,11
E00043720,46
E00043722,19
E00043723,46
E00043724,46
E00043725,40
E00043726,16
E00043727,7
E00043728,54
E00043729,54
E00043730,47
E00043731,28
E00043732,65
E00043733,31
E00043734,25
E00043735,45
E00043736,18
E00043737,18
E00043738,17
E00043739,19
E00043740,17
E00043741,32
E00043742,31
E00043743,10
E00043744,2
E00043745,8
E00043746,6
E00043747,9
E00043748,45
E00043749,5
E00043750,13
E00043751,17
E00043752,6
E00043753,11
E00043754,4
E00043755,15
E00043756,5
E00043757,7
E00043758,14
E00043759,76
E00043760,15
E00043761,69
E00043762,23
E00043763,25
E00043764,26
E00043765,41
E00043766,16
E00043767,15
E00043768,12
E00043769,10
E00043770,15
E00043771,14
E00043772,10
E00043773,24
E00043774,59
E00043776,56
E00043777,56
E00043779,34
E00043780,23
E00043781,52
E00043783,51
E00043784,25
E00043785,28
E00043786,43
E00043787,11
E00043788,7
E00043789,24
E00043790,4
E00043791,26
E00043792,35
E00043793,9
E00043794,30
E00043795,55
E00043796,33
E00043797,39
E00043798,25
E00043799,31
E00043800,37
E00043801,81
E00043802,43
E00043803,33
E00043804,38
E00043805,30
E00043806,63
E00043807,36
E00043808,29
E00043809,24
E00043810,28
E00043811,76
E00043812,72
E00043813,23
E00043814,70
E00043815,27
E00043816,18
E00043817,14
E00043818,71
E00043819,21
E00043820,70
E00043821,20
E00043822,48
E00043823,70
E00043824,69
E00043825,37
E00043826,33
E00043827,18
E00043828,39
E00043829,47
E00043830,24
E00043831,34
E00043832,49
E00043833,24
E00043834,30
E00043835,11
E00043836,16
E00043837,25
E00043838,15
E00043839,6
E00043840,27
E00043842,26
E00043843,6
E00043844,7
E00043845,31
E00043846,6
E00043847,13
E00043848,12
E00043849,11
E00043850,13
E00043851,21
E00043852,60
E00043853,18
E00043854,53
E00043855,15
E00043856,85
E00043857,67
E00043858,74
E00043859,70
E00043860,68
E00043861,19
E00043862,64
E00043863,5
E00043864,54
E00043865,37
E00043866,38
E00043867,82
E00043868,20
E00043869,23
E00043871,26
E00043872,27
E00043873,34
E00043874,31
E00043875,43
E00043876,53
E00043877,44
E00043878,57
E00043879,63
E00043880,74
E00043881,69
E00043882,63
E00043883,63
E00043884,63
E00043885,81
E00043886,62
E00043887,2
E00043888,73
E00043889,63
E00043890,4
E00043891,95
E00043892,74
E00043893,21
E00043894,76
E00043895,91
E00043896,85
E00043897,2
E00043898,7
E00043899,82
E00043900,94
E00043901,26
E00043902,9
E00043903,5
E00043904,47
E00043905,62
E00043906,21
E00043907,33
E00043908,6
E00043909,14
E00043910,9
E00043911,51
E00043912,25
E00043913,16
E00043914,7
E00043915,25
E00043916,7
E00043917,25
E00043918,4
E00043919,8
E00043920,7
E00043921,8
E00043922,11
E00043923,8
E00043924,3
E00043925,5
E00043926,5
E00043927,49
E00043928,17
E00043929,30
E00043930,53
E00043931,48
E00043932,68
E00043933,36
E00043934,75
E00043935,40
E00043936,53
E00043937,62
E00043938,42
E00043939,51
E00043940,54
E00043941,66
E00043942,54
E00043943,85
E00043944,49
E00043945,99
E00043946,43
E00043947,62
E00043948,87
E00043949,89
E00043950,1
E00043951,55
E00043952,71
E00043953,49
E00043954,63
E00043955,83
E00043956,76
E00043957,63
E00043958,84
E00043959,88
E00043960,75
E00043961,51
E00043962,72
E00043963,68
E00043964,25
E00043965,73
E00043966,79
E00043967,84
E00043968,93
E00043969,71
E00043970,75
E00043972,86
E00043973,18
E00043974,67
E00043975,69
E00043976,67
E00043977,42
E00043978,36
E00043979,3
E00043980,28
E00043981,104
E00043982,89
E00043983,112
E00043984,78
E00043985,69
E00043986,52
E00043987,70
E00043988,59
E00043989,73
E00043990,43
E00043991,83
E00043992,65
E00043993,86
E00043994,18
E00043995,42
E00043996,22
E00043997,69
E00043998,55
E00043999,49
E00044000,56
E00044001,56
E00044002,38
E00044003,34
E00044004,60
E00044005,22
E00044007,62
E00044008,64
E00044009,39
E00044010,64
E00044011,67
E00044013,68
E00044014,29
E00044015,45
E00044016,9
E00044017,6
E00044018,6
E00044019,7
E00044020,6
E00044021,8
E00044022,15
E00044023,10
E00044024,10
E00044025,18
E00044026,22
E00044027,8
E00044028,10
E00044029,18
E00044030,18
E00044031,55
E00044032,18
E00044033,40
E00044034,54
E00044035,49
E00044036,57
E00044037,58
E00044038,77
E00044039,65
E00044040,36
E00044041,32
E00044042,48
E00044043,49
E00044044,70
E00044045,10
E00044046,21
E00044047,83
E00044048,26
E00044049,78
E00044050,77
E00044051,48
E00044052,26
E00044053,28
E00044054,32
E00044055,71
E00044056,57
E00044057,62
E00044058,62
E00044059,55
E00044060,51
E00044061,57
E00044062,62
E00044063,64
E00044064,74
E00044065,77
E00044066,50
E00044067,67
E00044068,76
E00044069,43
E00044070,36
E00044071,68
E00044072,46
E00044073,52
E00044074,55
E00044075,51
E00044076,63
E00044077,44
E00044078,57
E00044079,47
E00044080,48
E00044081,38
E00044082,48
E00044083,24
E00044084,54
E00044085,37
E00044086,35
E00044087,84
E00044088,78
E00044089,10
E00044090,13
E00044091,9
E00044092,33
E00044095,20
E00044098,24
E00044099,32
E00044100,33
E00044101,33
E00044102,33
E00044103,7
E00044104,8
E00044107,5
E00044109,5
E00044110,5
E00044111,7
E00044112,8
E00044113,16
E00044114,42
E00044115,29
E00044116,32
E00044117,47
E00044118,48
E00044119,43
E00044120,56
E00044121,31
E00044122,39
E00044123,33
E00044124,34
E00044125,19
E00044126,30
E00044127,24
E00044128,23
E00044129,41
E00044131,21
E00044132,31
E00044133,25
E00044134,16
E00044135,21
E00044136,16
E00044137,24
E00044138,14
E00044139,20
E00044140,17
E00044141,8
E00044142,13
E00044143,20
E00044144,16
E00044145,16
E00044146,14
E00044147,11
E00044148,21
E00044149,12
E00044150,14
E00044151,9
E00044152,12
E00044153,18
E00044154,16
E00044155,19
E00044156,13
E00044157,19
E00044158,17
E00044159,19
E00044160,13
E00044161,12
E00044162,17
E00044163,19
E00044164,15
E00044165,15
E00044166,18
E00044167,11
E00044168,15
E00044169,18
E00044170,17
E00044172,6
E00044173,12
E00044174,26
E00044175,21
E00044176,41
E00044177,15
E00044178,18
E00044179,34
E00044180,45
E00044181,20
E00044182,15
E00044183,26
E00044184,22
E00044185,25
E00044187,32
E00044188,40
E00044189,11
E00044190,40
E00044191,24
E00044193,3
E00044194,32
E00044195,48
E00044196,37
E00044197,32
E00044198,33
E00044199,35
E00044200,30
E00044201,2
E00044202,2
E00044203,36
E00044204,34
E00044205,33
E00044206,31
E00044207,35
E00044208,36
E00044209,26
E00044210,42
E00044211,41
E00044212,34
E00044213,27
E00044214,20
E00044216,32
E00044217,26
E00044218,35
E00044219,33
E00044220,28
E00044221,37
E00044222,24
E00044224,25
E00044226,19
E00044227,19
E00044228,38
E00044230,24
E00044231,52
E00044232,31
E00044233,34
E00044234,23
E00044235,25
E00044236,17
E00044237,24
E00044238,35
E00044239,25
E00044240,25
E00044241,29
E00044242,5
E00044243,29
E00044244,25
E00044246,26
E00044247,34
E00044248,33
E00044249,21
E00044250,20
E00044251,50
E00044252,31
E00044253,41
E00044256,32
E00044257,18
E00044259,39
E00044260,16
E00044261,23
E00044262,23
E00044263,15
E00044264,33
E00044265,36
E00044266,31
E00044267,15
E00044268,14
E00044269,12
E00044270,1
E00044271,39
E00044272,20
E00044273,33
E00044275,39
E00044276,39
E00044278,20
E00044279,25
E00044281,34
E00044283,38
E00044284,31
E00044285,43
E00044286,43
E00044287,33
E00044288,37
E00044289,45
E00044290,46
E00044291,44
E00044292,42
E00044293,43
E00044294,32
E00044295,29
E00044296,35
E00044297,45
E00044298,40
E00044299,45
E00044300,22
E00044302,12
E00044303,6
E00044304,20
E00044305,15
E00044306,30
E00044307,10
E00044308,2
E00044309,49
E00044311,18
E00044312,26
E00044314,28
E00044315,26
E00044316,20
E00044317,13
E00044318,6
E00044319,9
E00044320,9
E00044321,12
E00044322,15
E00044323,13
E00044324,25
E00044325,13
E00044327,9
E00044328,19
E00044329,14
E00044330,14
E00044331,18
E00044332,16
E00044333,17
E00044336,16
E00044337,32
E00044338,23
E00044339,18
E00044340,20
E00044341,17
E00044342,21
E00044343,12
E00044344,16
E00044345,10
E00044346,16
E00044347,9
E00044348,27
E00044349,10
E00044350,16
E00044351,25
E00044352,26
E00044353,37
E00044354,10
E00044355,48
E00044356,33
E00044357,15
E00044358,31
E00044359,32
E00044360,20
E00044361,17
E00044362,26
E00044363,16
E00044364,16
E00044365,16
E00044366,13
E00044367,13
E00044368,46
E00044369,14
E00044370,7
E00044371,8
E00044372,8
E00044373,43
E00044374,44
E00044375,48
E00044376,41
E00044377,22
E00044378,47
E00044379,41
E00044381,43
E00044382,24
E00044383,31
E00044384,23
E00044385,10
E00044386,28
E00044387,9
E00044388,36
E00044389,15
E00044390,7
E00044391,7
E00044392,7
E00044393,33
E00044394,38
E00044395,7
E00044396,37
E00044397,15
E00044398,40
E00044399,31
E00044400,17
E00044401,22
E00044402,39
E00044403,20
E00044404,12
E00044405,23
E00044406,19
E00044407,16
E00044408,19
E00044409,10
E00044410,21
E00044411,22
E00044412,17
E00044413,17
E00044414,13
E00044415,14
E00044416,3
E00044417,13
E00044418,11
E00044419,14
E00044420,29
E00044421,7
E00044422,5
E00044423,39
E00044424,7
E00044425,40
E00044426,43
E00044427,23
E00044428,23
E00044429,43
E00044430,31
E00044431,23
E00044432,44
E00044433,23
E00044434,23
E00044435,15
E00044437,59
E00044438,37
E00044440,24
E00044441,28
E00044442,47
E00044443,36
E00044444,48
E00044446,23
E00044447,38
E00044448,32
E00044449,21
E00044451,30
E00044452,5
E00044454,6
E00044455,5
E00044457,30
E00044458,35
E00044460,23
E00044461,32
E00044462,32
E00044463,26
E00044464,31
E00044465,29
E00044466,26
E00044467,33
E00044468,37
E00044469,35
E00044470,27
E00044471,30
E00044472,36
E00044473,31
E00044474,22
E00044475,32
E00044476,33
E00044477,33
E00044478,32
E00044479,19
E00044480,33
E00044481,23
E00044482,32
E00044483,38
E00044484,25
E00044485,33
E00044486,25
E00044487,34
E00044488,32
E00044489,9
E00044490,26
E00044491,21
E00044492,22
E00044493,31
E00044494,27
E00044495,8
E00044496,24
E00044498,26
E00044499,21
E00044500,8
E00044501,25
E00044502,49
E00044505,24
E00044508,11
E00044509,9
E00044510,7
E00044511,7
E00044512,7
E00044513,22
E00044514,3
E00044515,3
E00044516,39
E00044517,43
E00044518,47
E00044519,29
E00044520,39
E00044521,45
E00044522,36
E00044523,45
E00044524,52
E00044525,55
E00044526,24
E00044527,16
E00044528,14
E00044529,36
E00044530,46
E00044531,41
E00044532,17
E00044533,54
E00044534,34
E00044535,33
E00044536,31
E00044537,55
E00044538,11
E00044539,33
E00044540,1
E00044541,4
E00044542,22
E00044543,24
E00044544,19
E00044545,23
E00044546,29
E00044547,18
E00044548,5
E00044549,29
E00044550,5
E00044551,26
E00044552,17
E00044553,12
E00044554,24
E00044555,25
E00044556,12
E00044557,25
E00044558,7
E00044559,28
E00044560,21
E00044561,13
E00044562,29
E00044563,21
E00044564,27
E00044565,16
E00044566,22
E00044567,4
E00044568,27
E00044569,15
E00044570,22
E00044571,21
E00044572,25
E00044573,32
E00044574,21
E00044575,26
E00044576,24
E00044577,21
E00044578,31
E00044579,12
E00044580,22
E00044581,40
E00044582,18
E00044583,10
E00044585,8
E00044586,3
E00044587,45
E00044588,23
E00044589,25
E00044590,34
E00044591,9
E00044592,8
E00044593,8
E00044594,7
E00044595,6
E00044596,6
E00044597,27
E00044598,38
E00044599,25
E00044600,29
E00044601,33
E00044602,27
E00044603,30
E00044604,28
E00044605,37
E00044606,26
E00044607,31
E00044608,23
E00044609,30
E00044610,14
E00044611,28
E00044612,25
E00044613,11
E00044614,38
E00044615,12
E00044616,19
E00044617,35
E00044618,37
E00044619,36
E00044620,32
E00044621,20
E00044622,25
E00044623,29
E00044624,35
E00044625,33
E00044626,40
E00044627,37
E00044628,27
E00044629,37
E00044630,6
E00044631,35
E00044632,32
E00044633,35
E00044634,38
E00044635,36
E00044636,25
E00044637,30
E00044638,48
E00044639,19
E00044640,22
E00044641,20
E00044642,21
E00044644,19
E00044645,22
E00044646,40
E00044647,21
E00044648,40
E00044649,44
E00044650,31
E00044651,36
E00044652,29
E00044653,32
E00044655,48
E00044656,37
E00044657,46
E00044658,17
E00044659,53
E00044660,44
E00044661,37
E00044663,28
E00044664,33
E00044665,1
E00044666,42
E00044668,40
E00044669,39
E00044670,40
E00044672,43
E00044673,31
E00044674,35
E00044675,42
E00044676,23
E00044677,2
E00044679,13
E00044680,26
E00044682,23
E00044683,43
E00044684,42
E00044685,26
E00044686,26
E00044687,52
E00044688,30
E00044689,26
E00044690,31
E00044691,30
E00044692,38
E00044693,27
E00044695,40
E00044696,22
E00044697,33
E00044698,9
E00044699,35
E00044700,22
E00044701,41
E00044702,25
E00044703,13
E00044704,30
E00044705,24
E00044706,40
E00044707,37
E00044708,32
E00044709,25
E00044710,42
E00044711,33
E00044712,17
E00044713,31
E00044714,32
E00044715,33
E00044716,29
E00044717,32
E00044718,13
E00044720,15
E00044721,9
E00044724,15
E00044725,13
E00044726,15
E00044728,11
E00044730,11
E00044731,11
E00044732,6
E00044733,32
E00044734,45
E00044735,44
E00044738,1
E00044739,1
E00044740,33
E00044741,10
E00044743,10
E00044744,17
E00044745,24
E00044746,19
E00044748,29
E00044749,2
E00044750,17
E00044751,30
E00044752,38
E00044753,42
E00044754,26
E00044755,12
E00044756,20
E00044757,42
E00044759,6
E00044760,44
E00044761,39
E00044762,40
E00044763,32
E00044764,14
E00044765,31
E00044766,23
E00044767,30
E00044768,28
E00044769,7
E00044770,10
E00044771,27
E00044772,7
E00044773,29
E00044774,24
E00044775,10
E00044776,25
E00044777,25
E00044778,18
E00044779,14
E00044780,8
E00044781,9
E00044782,25
E00044783,13
E00044784,12
E00044785,28
E00044786,25
E00044787,37
E00044788,35
E00044789,28
E00044790,39
E00044791,36
E00044792,11
E00044793,10
E00044794,25
E00044795,31
E00044796,31
E00044797,40
E00044798,40
E00044799,33
E00044800,40
E00044801,22
E00044802,22
E00044803,41
E00044804,22
E00044805,22
E00044806,36
E00044807,7
E00044808,22
E00044809,6
E00044810,8
E00044811,35
E00044812,27
E00044813,22
E00044814,30
E00044815,23
E00044816,11
E00044817,38
E00044818,27
E00044819,14
E00044820,33
E00044821,27
E00044822,1
E00044823,19
E00044824,18
E00044825,22
E00044826,22
E00044827,19
E00044828,15
E00044829,25
E00044830,32
E00044831,1
E00044832,43
E00044833,38
E00044836,37
E00044837,37
E00044838,49
E00044839,46
E00044841,46
E00044842,40
E00044844,51
E00044845,41
E00044846,46
E00044847,33
E00044848,42
E00044849,46
E00044850,40
E00044851,44
E00044852,32
E00044853,56
E00044854,38
E00044855,40
E00044856,36
E00044857,31
E00044858,33
E00044860,33
E00044861,55
E00044862,53
E00044863,54
E00044864,33
E00044865,32
E00044866,37
E00044868,5
E00044870,5
E00044871,20
E00044872,10
E00044873,16
E00044874,11
E00044875,1
E00044876,12
E00044877,7
E00044878,7
E00044879,11
E00044880,13
E00044881,8
E00044882,14
E00044883,14
E00044884,9
E00044885,6
E00044886,11
E00044887,11
E00044888,10
E00044889,16
E00044890,20
E00044891,18
E00044892,7
E00044893,11
E00044894,9
E00044895,16
E00044896,22
E00044898,9
E00044899,49
E00044900,28
E00044901,27
E00044902,11
E00044903,45
E00044905,28
E00044906,10
E00044907,10
E00044908,51
E00044909,41
E00044910,39
E00044911,39
E00044912,24
E00044913,38
E00044914,42
E00044915,35
E00044916,7
E00044917,41
E00044918,29
E00044920,31
E00044921,28
E00044922,36
E00044923,36
E00044925,5
E00044926,4
E00044927,8
E00044928,26
E00044929,44
E00044931,20
E00044932,37
E00044933,6
E00044934,16
E00044935,33
E00044936,5
E00044937,20
E00044938,39
E00044939,4
E00044940,27
E00044941,5
E00044942,42
E00044943,6
E00044944,2
E00044945,14
E00044946,17
E00044947,15
E00044948,29
E00044949,10
E00044950,6
E00044951,19
E00044952,21
E00044953,22
E00044954,21
E00044955,26
E00044956,24
E00044957,20
E00044958,38
E00044959,10
E00044960,11
E00044961,26
E00044962,37
E00044963,5
E00044964,32
E00044965,36
E00044966,9
E00044967,34
E00044968,25
E00044969,14
E00044970,12
E00044971,4
E00044972,27
E00044973,33
E00044974,28
E00044975,40
E00044976,1
E00044977,19
E00044978,15
E00044979,37
E00044980,33
E00044981,34
E00044982,41
E00044984,16
E00044985,9
E00044986,5
E00044987,9
E00044988,29
E00044989,9
E00044990,18
E00044991,25
E00044992,18
E00044993,28
E00044994,26
E00044995,13
E00044996,31
E00044998,34
E00044999,16
E00045000,23
E00045001,16
E00045002,29
E00045003,35
E00045004,22
E00045005,20
E00045006,17
E00045007,33
E00045008,30
E00045009,30
E00045010,17
E00045011,22
E00045012,18
E00045013,24
E00045014,11
E00045015,14
E00045016,34
E00045017,29
E00045018,26
E00045019,7
E00045020,34
E00045021,2
E00045022,44
E00045023,12
E00045024,23
E00045025,26
E00045026,45
E00045027,20
E00045028,24
E00045029,13
E00045030,11
E00045031,10
E00045032,6
E00045033,11
E00045034,14
E00045035,12
E00045036,7
E00045037,24
E00045040,8
E00045041,15
E00045042,12
E00045043,23
E00045044,21
E00045045,30
E00045046,12
E00045047,19
E00045048,19
E00045049,16
E00045050,15
E00045051,21
E00045052,21
E00045053,23
E00045054,30
E00045055,23
E00045056,22
E00045057,29
E00045058,21
E00045059,27
E00045060,29
E00045061,31
E00045062,20
E00045063,4
E00045064,26
E00045065,25
E00045066,8
E00045067,2
E00045068,2
E00045070,14
E00045071,12
E00045072,9
E00045073,18
E00045074,18
E00045075,23
E00045076,14
E00165666,24
E00165667,2
E00165672,43
E00166120,19
E00166122,21
E00166123,10
E00166125,6
E00166127,39
E00166128,20
E00166130,44
E00166131,42
E00166133,34
E00166135,26
E00166136,34
E00166138,43
E00166140,34
E00166141,12
E00166143,9
E00166146,39
E00166148,6
E00166149,72
E00166151,73
E00166153,66
E00166154,24
E00166156,30
E00166157,53
E00166159,63
E00166161,9
E00166162,44
E00166164,33
E00166166,39
E00166167,81
E00166169,53
E00166170,124
E00166172,65
E00166174,64
E00166175,59
E00166177,5
E00166179,95
E00166180,65
E00166182,92
E00166183,116
E00166185,113
E00166187,67
E00166188,80
E00166190,62
E00166192,47
E00166193,29
E00166195,80
E00166196,29
E00166198,16
E00166200,17
E00166201,118
E00166203,12
E00166205,52
E00166206,22
E00166208,58
E00166211,88
E00166213,113
E00166214,69
E00166216,49
E00166218,19
E00166219,79
E00166221,70
E00166222,56
E00166224,27
E00170010,45
E00170013,47
E00170015,32
E00170016,25
E00170018,70
E00170020,59
E00170021,72
E00170023,80
E00170024,63
E00170026,48
E00170027,43
E00170029,70
E00170030,27
E00170186,26
E00170187,33
E00170188,51
E00170189,21
E00170190,73
E00170191,50
E00170192,73
E00170193,37
E00170194,62
E00170195,82
E00170196,45
E00170197,57
E00170198,26
E00170199,45
E00170200,34
E00170201,55
E00170202,39
E00170203,21
E00170204,29
E00170205,16
E00170206,35
E00170207,17
E00170208,18
E00170209,14
E00170210,16
E00170211,28
E00170212,25
E00170213,48
E00170214,11
E00170215,26
E00170216,8
E00170217,4
E00170218,34
E00170219,54
E00170220,27
E00170221,28
E00170222,45
E00170223,54
E00170224,52
E00170225,12
E00170226,48
E00170227,55
E00170228,28
E00170229,38
E00170231,7
E00170232,46
E00170233,17
E00170234,41
E00170235,11
E00170236,23
E00170237,35
E00170238,50
E00170239,41
E00170240,16
E00170241,33
E00170242,3
E00170243,28
E00170244,2
E00170245,18
E00170246,34
E00170247,11
E00170248,17
E00170249,32
E00175550,50
E00175551,29
E00175552,78
E00175553,65
E00175554,51
E00175555,76
E00175556,60
E00175557,35
E00175558,39
E00175560,6
E00175561,33
E00175562,91
E00175563,42
E00175564,63
E00175565,39
E00175566,18
E00175567,18
E00175568,18
E00175569,19
E00175570,18
E00175571,80
E00175572,11
E00175573,22
E00175574,41
E00175575,58
E00175576,76
E00175577,117
E00175579,31
E00175580,45
E00175581,33
E00175582,50
E00175583,34
E00175584,122
E00175585,70
E00175586,59
E00175587,77
E00175588,45
E00175589,35
E00175590,49
E00175591,19
E00175592,30
E00175593,33
E00175594,24
E00175595,38
E00175596,104
E00175597,48
E00175598,41
E00175599,51
E00175600,80
E00175601,42
E00175602,32
E00175603,33
E00175604,47
E00175605,95
