"","X","Y","FID","LSOA21CD","GlobalID"
"1",426478.8016,562718.9835,27562,"E01008162","033c1923-81f8-4f20-aebe-ac6e6efdc14e"
"2",435886.7954,571925.0655,27563,"E01008588","c7c21fb7-3e4d-4775-a3c8-cb8d63c6b919"
"3",432353.7272,567285.274,27595,"E01008510","c50baeee-f52b-46e8-99f1-3682f514d706"
"4",438443.5253,556669.0493,27602,"E01008707","0c82e47f-84c1-4f17-9869-48f45b6b1fe9"
"5",415965.8908,558176.992799999,27617,"E01008184","a97fd929-955d-4e81-8794-88a021b80ca9"
"6",420603.1446,560109.314300001,27624,"E01008269","0e1f0962-7928-4975-b5a5-ef600d998553"
"7",436538.1055,569291.613299999,27635,"E01008558","c7681a7a-60f5-4ad0-9d6f-08c0c15030b3"
"8",426870.7404,560306.9778,27662,"E01008219","255b6122-7dec-4bda-9ed0-6e5c3da62391"
"9",433474.1297,562462.721899999,27690,"E01008628","bc4f1e63-2571-4e16-b875-f94be1967158"
"10",435188.1734,567273.0825,27697,"E01008539","3aeec106-3dbd-4f46-b764-058a931bdabb"
"11",428133.8603,560338.1459,27700,"E01008233","169b0f97-3a3f-4527-8fb8-e3fc08bf86d7"
"12",424034.9094,573747.428200001,27712,"E01008582","d2a4f08c-c268-49f3-aabf-24e96b5b0435"
"13",427183.4143,571466.993799999,27739,"E01008477","e1c0fd80-a9dd-42af-ad9e-6444a2af58dc"
"14",438604.9134,565565.0548,27766,"E01008651","aaa2bf25-d5df-42f9-ba34-3f5be59a4b36"
"15",430544.4857,566550.146600001,27786,"E01008572","2b08be43-91f6-4642-a4d7-0b59191cba4d"
"16",436433.6898,567697.515000001,27791,"E01008599","637c6841-2df0-4fd4-9c23-7925396cb782"
"17",426300.8035,560012.996300001,27804,"E01008235","7ebee575-eba5-459d-975e-b1a0a88c79f3"
"18",429131.7737,569975.341600001,27809,"E01008503","3a097f3c-bb3d-4113-8289-22098675b1ea"
"19",419381.829,567229.048900001,27838,"E01008441","b700cce3-7e58-4062-a186-b6b0590c33a5"
"20",422766.2563,564151.9803,27839,"E01008333","19fb2621-7fe2-465a-a8a7-aeaac6512e34"
"21",421943.1723,564579.0328,27847,"E01008334","3db4eeaa-179d-45dd-8e57-ddcc4861d0b0"
"22",426614.2204,570780.077099999,27868,"E01008516","b4a87b2a-90bc-4012-8f96-94fb80b39d8e"
"23",428894.3495,560074.419500001,27876,"E01008285","b34b85f7-4348-4aa6-8205-034ffb45c8e0"
"24",424846.0886,561513.810000001,27891,"E01008254","9f8c0660-4dc6-41ff-838d-6f56327eee53"
"25",429765.4756,566062.507099999,27906,"E01008575","104ed10e-7eda-41e8-ad90-3a7749db108f"
"26",415107.8159,558584.084100001,27917,"E01008183","9880d3d7-e3a3-4a2d-8339-302b6b6bcc7b"
"27",426215.6362,573552.9201,27920,"E01008578","b9e85c4c-4657-4178-ab18-5b78633e2426"
"28",425515.2076,565028.750800001,27921,"E01008407","d6e0c273-2974-418c-8226-f48a01988cae"
"29",427830.2743,562107.380999999,27923,"E01008215","c1ac1165-67c4-439b-995f-42eab882c28d"
"30",438436.1434,559276.359999999,27930,"E01008712","680e76f7-5d6c-481d-a10e-3ab18b0a3f9d"
"31",427267.9794,560116.2181,27954,"E01008220","0943b619-64ea-4495-b336-8378be353fa8"
"32",422972.8958,561743.676999999,27955,"E01008211","a1bf9852-0674-4c95-914d-64be9c1f06f2"
"33",416793.9012,565531.821799999,27974,"E01008404","964486d3-f91b-40d4-a223-23df8202866d"
"34",430220.1731,557819.447899999,28002,"E01008860","2b04fc4b-d391-4a9c-951e-decdcd30d319"
"35",422554.2573,567761.884099999,28014,"E01008376","cab81ea9-60ec-46d0-8d96-8edffd045622"
"36",424374.451,561715.6501,28024,"E01008257","9bb6a3f0-a788-4bfa-b006-603917c3da8e"
"37",425627.6355,559649.9619,28028,"E01008234","97967e75-1f7f-4a09-bbd2-e84c13e08303"
"38",422544.7343,561634.282,28058,"E01008208","09a9febd-38e6-4234-a3d8-37c60db13725"
"39",419934.9588,565310.957900001,28060,"E01008416","ed6fcecf-e925-467b-a1a7-f8b49463800b"
"40",433085.0254,563527.465700001,28066,"E01008662","4f697ce3-de8c-4a69-9013-2cc76fe40c8c"
"41",435988.9485,553275.9899,28091,"E01008772","3eff62b5-7e19-4e12-a505-94865269ee0d"
"42",430480.0478,556211.771,28103,"E01008849","153effc1-515a-4826-a738-c693b0883896"
"43",431138.537,568909.7257,28104,"E01008467","82c9309e-9310-4b25-b93a-85afc693ba91"
"44",436390.6519,554087.954600001,28111,"E01008824","49662891-dac8-4400-8089-388588c9783a"
"45",424862.9693,564843.6588,28135,"E01008397","8d6c84fb-089e-4b84-930d-8443967d5b0a"
"46",433427.4392,549637.679500001,28143,"E01008749","2e42ad5c-2ffd-4dbd-a540-927c48cfa089"
"47",427009.0431,565416.852,28153,"E01008362","7f937812-c8b7-4e65-95a3-fe107d9b0894"
"48",430731.5495,568348.774800001,28161,"E01008463","756a4871-d096-4814-95d7-44f774230771"
"49",422063.2109,568366.032299999,28166,"E01008339","7b37e175-5152-40d8-ae0d-f4ad62e7f427"
"50",437136.7624,556862.4537,28167,"E01008756","7c26b189-b142-4fe4-b30c-06e92bc9a363"
"51",427714.8582,555930.2972,28169,"E01008174","01d65699-3a41-4466-8871-db32f49c0bc6"
"52",413820.4083,563512.4903,28173,"E01008199","ec9ffe5f-37d7-4abb-b3bd-e0bbc5470f55"
"53",418284.0274,562729.4516,28181,"E01008178","1bd38b04-fe8d-4a59-9566-8ee20bcc64f5"
"54",420451.6554,564969.751,28190,"E01008292","73da78f4-3c91-4e44-9fdb-08c746f95e68"
"55",424195.7797,567886.398600001,28215,"E01008419","7caaf05e-df5d-4a9b-b2e7-1ccb752c358c"
"56",437608.3118,565314.434800001,28235,"E01008674","2064ccbc-61ae-4775-b00d-5dc46441b3cb"
"57",434126.1658,561962.6437,28242,"E01008611","569b1b2c-1660-4b9d-9805-3eb4bdd5ef99"
"58",427515.4936,571967.830600001,28264,"E01008475","fe1b3b78-a452-41c1-8db4-433ff857b533"
"59",440507.3719,556263.3939,28269,"E01008736","aabc040f-fd24-4f87-98f1-6d7b33a2a0fd"
"60",429232.48,562312.225,28279,"E01008244","97bf15e6-7cc0-4f84-9e61-66f88d1e8661"
"61",438932.0012,558477.1801,28291,"E01008709","4a92e7c3-178c-4c67-a4de-67df59ec8029"
"62",434329.4798,573440.394099999,28293,"E01008549","81a16799-bbb5-4852-89bd-c69adfc2b6d1"
"63",434637.7029,571246.0655,28305,"E01008555","df69375f-8095-4b63-81df-ebb5e9a35a0a"
"64",429245.2997,560464.3518,28306,"E01008282","566c5bf7-a652-4961-af6c-642ed08b0389"
"65",421358.7905,565337.6986,28312,"E01008347","60481962-214f-4ae7-a65c-7847ef1d606c"
"66",422496.7699,565313.829299999,28328,"E01008453","f5835e49-003e-4c8e-995b-69f480eb4621"
"67",432286.3581,563026.078500001,28333,"E01008658","15f734ab-99d9-46d9-a363-40d8d25d223f"
"68",432456.0677,564279.1263,28356,"E01008657","9532c90a-07a6-41f0-985f-d378ca9cbb33"
"69",420840.7386,573188.3124,28364,"E01008306","7b0e34eb-951e-4f5f-b8c5-d78db6bccf48"
"70",436160.6556,561322.328500001,28368,"E01008617","13fb6ab8-13f7-4038-b8f6-436646775679"
"71",421322.3615,564565.725400001,28373,"E01008289","7490ae85-d686-4fce-9b43-0975532a4e73"
"72",434077.3952,568725.926100001,28391,"E01008486","0c153f57-af5d-40e0-abbf-fc031b2719d8"
"73",423257.6242,567221.2621,28393,"E01008378","4a66e67d-180d-4dc3-a9a9-41c3903467d0"
"74",413959.4934,559614.773499999,28395,"E01008196","a1cd08ab-0468-4486-ace2-e8b9a3840544"
"75",425387.7384,568155.1559,28396,"E01008424","a7480ab5-b58a-40b5-ae2a-a34c6234fdcd"
"76",418531.0091,566293.278999999,28406,"E01008326","7a7ca170-3367-4647-bd76-cf7c3959930a"
"77",439080.8443,555251.891000001,28408,"E01008783","30c3f8a2-57ad-44d3-a0c9-0fbc4f56ed04"
"78",427503.9976,565935.414999999,28422,"E01008360","78d6eccb-c028-4844-8b32-e28e907f8e8c"
"79",435131.6196,558025.368899999,28442,"E01008696","f1997c69-41d1-478f-bd3e-5314c85ad64d"
"80",425967.1939,561861.092900001,28449,"E01008203","2541656e-e819-4e0d-9690-53e6933c8434"
"81",435077.6746,563098.044500001,28457,"E01008605","0129a937-f9cc-43a2-aa82-70f6c8dd5914"
"82",431061.5172,563707.9836,28465,"E01008646","8c4a72eb-eb7a-4012-a1eb-079d45fac481"
"83",438083.644,552025.5043,28477,"E01008771","0e0a7614-75a7-41d7-8bf7-7e4839bf2298"
"84",423422.432,568536.2656,28482,"E01008353","782cdede-20c8-4038-ab50-1e2160f36657"
"85",429184.7969,567429.1098,28507,"E01008533","b37ec81c-c33a-4507-899d-d62c61158dab"
"86",440439.0237,559393.597899999,28516,"E01008792","f4e91015-737c-432d-a50d-c27d0e9ca00f"
"87",435606.1864,546579.543199999,28522,"E01008745","1ed6a54c-52e9-471b-87d8-048b59402114"
"88",431790.0948,557839.525599999,28543,"E01008859","fdd55b0e-1a54-4219-a514-d31de962d125"
"89",438838.309,553341.544,28548,"E01008804","b48a0878-183b-4dfe-970d-144e9087bef7"
"90",422009.1243,563817.893300001,28549,"E01008291","ceed6d05-b27d-4909-9367-66ae7254de01"
"91",434342.9411,569932.4077,28550,"E01008557","635bae06-4cf2-4b4d-ac22-62658fa183d0"
"92",427591.4376,564453.252699999,28552,"E01008302","c9e058a9-74e8-4e4c-9a08-bafb9033c2ba"
"93",436394.3708,555974.3858,28572,"E01008813","eb295ca2-bcea-4b33-a97b-671584e5b57a"
"94",426670.2156,567429.7872,28584,"E01008322","93a0cd74-774e-4ba5-84f2-42022d55c5c1"
"95",434409.8311,549212.624299999,28620,"E01008717","567ee724-e269-4f2d-bcb6-e37b6072a650"
"96",440788.8754,553601.1219,28634,"E01008764","bcd4419e-a94c-4bee-b4b9-1b2b6dde7b7c"
"97",426868.9625,559767.9769,28660,"E01008221","d143e3b5-7c30-4313-938d-0b76f262e4e0"
"98",432959.3164,564847.328600001,28665,"E01008661","50e94d60-3a22-459c-9eec-a6a2f4238995"
"99",438489.5619,553250.8224,28668,"E01008805","3dc1f712-648b-4f39-aa1d-4cdfdd8de82e"
"100",423006.9464,561117.2466,28681,"E01008206","28a8a14c-24d6-481a-b095-f2833789843b"
"101",426477.9422,566908.946,28682,"E01008315","17e45924-716c-4700-ae57-d3525330397b"
"102",431711.6808,553602.669500001,28705,"E01008799","63ec4e65-1516-4e6c-872c-4a2b75431b23"
"103",429556.0457,566520.9277,28713,"E01008537","cc34fe46-572a-428b-b543-ecd484089eab"
"104",418219.2259,565615.5655,28715,"E01008381","544a211d-a08e-4894-be33-00e8656f01e4"
"105",423764.557,568978.147299999,28737,"E01008352","44ce3766-dea4-446b-bb51-1c64c62cd698"
"106",424135.7961,572161.4169,28738,"E01008581","3b70f824-42d8-4814-aef6-6fd7c5b76406"
"107",435318.7043,561131.1713,28749,"E01008615","b24905b1-a5b1-48fb-9eaa-1e6c5365e42a"
"108",436425.7997,570161.310799999,28767,"E01008562","abfad216-c877-4a6b-acf2-58207d093c9c"
"109",436033.7579,568705.2314,28772,"E01008561","2ea288d9-8683-492b-b7ae-8afc94afc117"
"110",437753.9227,566453.428099999,28774,"E01008648","6ce32fe3-7e36-465c-8872-7b5e9e730716"
"111",438721.6657,555608.799000001,28810,"E01008781","289d056c-9fef-43cf-b583-f74597688752"
"112",435909.8783,569073.1227,28811,"E01008559","7ee579d4-821c-44bf-bb6d-fe667d9dec26"
"113",428243.6872,560881.440199999,28814,"E01008229","7f920577-23bd-45f3-b2f3-f3c57bf1124e"
"114",436210.322,564794.4385,28816,"E01008591","9d76ed15-ffae-4057-a5f2-895f2c5a677f"
"115",426561.0278,561102.381200001,28851,"E01008201","75b596a4-b949-4919-9ada-63ce77c8f4e8"
"116",427558.0435,568482.2129,28885,"E01008469","ce1a2cce-4f49-474e-8c91-5a08372d9ff0"
"117",427064.7317,568867.045499999,28886,"E01008474","36be4abf-b014-42fa-883f-0747453db8a5"
"118",429296.2993,566814.6533,28887,"E01008535","aefe4c2d-217c-44e2-bf76-3e9889c9ddac"
"119",431019.9109,554509.389799999,28920,"E01008861","38feaa64-c434-4fcc-8091-9d3021ef8f80"
"120",436989.7976,566384.6172,28928,"E01008676","e72fb682-3123-4bdf-8fe9-c76c3e3a3ffd"
"121",423315.3188,567958.8708,28939,"E01008356","a4fed156-1a6a-4e0a-b71b-ca0f8676f1c1"
"122",434635.049,561703.5779,28940,"E01008613","0cf02a0d-3368-4d0f-b033-99260ec14852"
"123",425531.3918,564293.781500001,28954,"E01033553","b3887df1-6a37-4500-a2da-82c85ec85a08"
"124",431299.1988,565125.362199999,28972,"E01008639","780e71ed-233e-44b2-b8dd-51633743ad68"
"125",428736.2234,558420.837200001,28973,"E01008877","8a3471db-c9a3-433d-b1cd-f5c28ccc143a"
"126",421131.2234,565481.6187,28975,"E01008343","666b8f41-6a91-4a79-9714-9c37f62f5d3a"
"127",421238.3794,560703.8299,28990,"E01008268","62b68f13-1fea-41d3-ac30-b6d33408f1a6"
"128",420374.3345,558930.062100001,29011,"E01008273","9231ada9-6277-4475-bb75-93cf803b5ae0"
"129",420673.1398,560973.5393,29014,"E01008267","af09e931-103b-4b86-89e7-b0dd1fa1caea"
"130",422010.3995,565787.7268,29015,"E01008450","a4dbeac0-db11-4ce8-9149-de00ff5eebd6"
"131",421918.4985,569629.335000001,29017,"E01008311","d251cd81-297e-4146-b04d-b46bad2f1597"
"132",430950.1864,569196.946699999,29028,"E01008466","4a23143e-6de9-4773-b2be-db808eb95d45"
"133",419475.4393,566323.903899999,29038,"E01008325","fd2530ba-5500-4e2d-825e-aae4eb6f53af"
"134",438282.2596,561646.9495,29043,"E01008618","479224d2-c56c-4df9-a12a-7eafce5b2c20"
"135",438724.6316,554912.1314,29044,"E01008785","90c83008-0dea-417f-83a7-522f86d08271"
"136",425612.1575,563214.025699999,29049,"E01008166","a12585d9-1d51-4019-a8b4-c263da2c6d0b"
"137",437269.4445,566427.0923,29053,"E01008675","dd2a5796-32e5-4c42-8e5d-4f842f532c91"
"138",427996.666,567362.369999999,29065,"E01008319","c092c64a-a9f6-4dbb-bcd8-beeed05bde19"
"139",436203.4553,571790.482799999,29071,"E01008587","d0d4ac80-51a9-424b-a9d1-923babfc9880"
"140",435709.639,561639.856000001,29072,"E01008614","60532729-9d58-4842-8423-b72cd776cf9f"
"141",435207.8919,563846.5842,29103,"E01008669","349f6e5b-b722-40df-aea1-5cee82427abd"
"142",432165.8646,549846.778999999,29119,"E01008755","ee6d6b83-cdd8-421e-85d8-f649504a7ecd"
"143",434641.7559,559563.795399999,29131,"E01008840","f1139d77-240a-4c41-bb8d-175a7382738a"
"144",426140.1982,565086.2489,29138,"E01008410","cfed30d6-d75d-4aa4-be21-939e7acfbf7b"
"145",439454.8087,559831.6963,29170,"E01008722","19e0bf17-857a-4fe4-a21f-676d32ba702c"
"146",420060.6073,567050.2579,29177,"E01008445","5162c3c5-9782-49a9-8339-95fccc7ac35e"
"147",433815.9551,569393.6198,29193,"E01008487","cfa963e2-875e-4087-909f-3f9fd55c21ab"
"148",438638.7132,564234.8049,29215,"E01008625","c52b4700-6556-4f2a-9fea-8044f8422743"
"149",435319.5691,568785.9548,29216,"E01008529","1526458d-ee94-46ee-a652-b8777a6d0199"
"150",426761.1649,562283.1292,29226,"E01008164","329a1cbe-ec3e-4872-95fe-c618d444d978"
"151",432977.4692,562052.3103,29252,"E01008629","d35eecc7-6433-4b44-ae3a-77395f69dc2e"
"152",416915.9138,560910.4417,29263,"E01008278","9bc79e2c-1f3e-4a55-8d1a-af5d8dc94ff6"
"153",428827.7198,555015.568399999,29266,"E01008872","b784c780-8ec9-47a7-82c6-1b7a11f9e946"
"154",430840.4475,555591.0448,29283,"E01008843","c5d4ed3d-20e3-4ba3-970a-1467501eb97d"
"155",424435.2053,569539.148800001,29297,"E01008357","3872dd38-603e-4c12-9441-b1d424f86395"
"156",436970.4884,552436.673,29301,"E01008808","e64f9cfb-2eda-48af-bcd4-e633ac3b0a1e"
"157",424169.1464,572973.697699999,29302,"E01008577","f6deea1a-0133-4054-892d-5a76c915ee87"
"158",435939.3749,563302.723300001,29304,"E01008609","a9fdde1e-612c-479c-ad6b-a8eb14a1117d"
"159",431267.0557,563243.7722,29310,"E01008644","38413b76-11fa-48b5-b14b-672bd053100d"
"160",431729.7201,563161.2377,29336,"E01008645","0f56ad1a-0f27-4921-8449-2ce9718b2a69"
"161",426507.1048,569100.673,29340,"E01008514","f047e3ec-03b1-45fa-8f69-0016c49cc807"
"162",436255.2027,569818.8423,29349,"E01008563","87dd6690-6245-4bee-b20c-1fee533d1ee6"
"163",431396.6811,564878.4794,29386,"E01008653","11368473-686f-406d-9545-efef9bacd700"
"164",431048.4781,571273.991,29399,"E01032648","c30c66b1-7cf8-4f9e-8624-4c44fd533318"
"165",438238.0272,552666.851,29403,"E01033077","eb729902-77ed-48e6-854e-7b183872a3c0"
"166",425906.3699,568741.570599999,29414,"E01008513","874256ce-6cc5-47c3-acfe-ef7e9d0eeec2"
"167",430328.9863,558307.0097,29428,"E01008857","ce18727d-74d4-4982-9a09-ef4d60eea3da"
"168",434097.3945,572344.513599999,29444,"E01008517","8526b060-3282-4383-a504-4e58fd5de3a3"
"169",423554.7336,567629.3259,29449,"E01008421","38d0336e-8a4d-479c-b907-678c2b3810b8"
"170",427317.4974,565795.428300001,29457,"E01008361","e477052c-3ee4-4d03-bc58-937c97ab3f1a"
"171",418008.8379,567755.7423,29501,"E01008448","60d684ee-819b-4c27-8490-f20fbb68b2d3"
"172",421601.4454,565976.096799999,29506,"E01008451","d7f0199e-6664-4bc7-ac4d-e2dd516023ed"
"173",434890.8322,558497.535399999,29531,"E01008695","50bddf4e-cead-4a91-b61e-46872bf144d6"
"174",433470.2173,547757.913000001,29592,"E01008747","fa0abe5c-3ee4-4104-a9bc-595bad26e9a1"
"175",435289.6786,556512.094599999,29600,"E01008811","2459088d-0cf4-4d42-89db-3c2b5e53d234"
"176",432674.6503,553041.8928,29608,"E01008801","3a218b26-354d-488c-a393-014c68c3b91c"
"177",433146.4993,550803.861300001,29619,"E01008751","b62571d0-4541-4c35-a8fb-f6262ddd43e6"
"178",433981.3423,564126.6404,29651,"E01008601","5bcc35b9-766c-405f-9f77-b46fedb5a4d3"
"179",435857.5997,559323.9747,29655,"E01008841","1fcbb71e-892f-4556-a10e-45a19ce58db8"
"180",418764.3544,567458.508300001,29657,"E01008444","f63765a4-24e2-4804-88a4-f4c88f8f1cbf"
"181",419462.8769,565976.176000001,29695,"E01008330","54600e35-5910-4097-8800-7d1cd8b4bc7a"
"182",431793.5999,556558.093699999,29724,"E01008846","1d53e5d8-6139-4318-9957-45831ca02838"
"183",424690.2628,564138.0923,29726,"E01033543","2acd5653-dac2-4e05-b419-7faeb93df500"
"184",433035.8541,563984.301000001,29734,"E01008663","de688e8d-4e93-48f6-a875-4be7269b1975"
"185",436064.3369,567105.672499999,29738,"E01008667","09d0af85-ba49-488f-9007-10ace78b67b1"
"186",440335.6851,558599.214600001,29748,"E01008790","b21ecbad-2143-4017-b349-439eb395d60d"
"187",437936.3096,564752.9388,29752,"E01008635","6d1aa5f7-5376-49e2-ba42-c585123d27d3"
"188",440623.8247,558468.812100001,29754,"E01008789","24b552f3-424b-4fd5-85fb-4b5230bd392d"
"189",420463.185,564251.6072,29767,"E01033547","f56c8268-8c2e-4ac6-b96e-7dbbeda171e3"
"190",434847.5461,547670.6809,29776,"E01008748","c5bcce9a-30e9-4cfc-ada9-aef2fdf9a259"
"191",440966.3138,554482.561100001,29793,"E01008741","c104e9ed-7af7-4e32-91b0-b9c8ae9326bf"
"192",426867.8551,568111.238,29798,"E01008320","213f5e9d-d9a6-46d8-9b4d-697c22a80b2d"
"193",433690.7455,572292.341600001,29811,"E01008519","973047a4-2b84-4d2a-a777-b7d69a0970ef"
"194",431578.1257,570903.896400001,29830,"E01008569","c0ecc14a-a2e1-4611-bca4-7bbaa3d9b634"
"195",418980.1917,566167.7926,29838,"E01008329","306a24c4-1911-401f-b9c3-2d89c78458d8"
"196",436235.5254,571347.4891,29842,"E01008496","b195d701-d36c-4a83-bcb1-deb4b8e6c071"
"197",417745.9723,567132.8803,29881,"E01008443","979ab5c1-ca61-4be8-aba4-ac3fe13ee4ff"
"198",434959.2084,568956.1502,29893,"E01008528","e94d6515-f630-4715-8758-8e3236170061"
"199",421042.7607,567481.6578,29909,"E01008296","663b865f-5b7c-40b5-bbb5-838f27bb165d"
"200",423201.2789,572682.4638,29955,"E01008307","e7f4516c-29dd-45b3-9b43-46cc052da2bb"
"201",428618.9301,565030.9343,29963,"E01008432","06670224-2629-4f87-84d1-da47190eb356"
"202",426377.5223,559372.6446,29975,"E01008192","5fa33f7d-249c-4a88-a261-a223ad5ebc8e"
"203",429912.7366,561861.8858,29977,"E01008287","3a3fc232-dd81-4b71-bdba-9a3d75c2bf76"
"204",416070.8072,566468.4147,29979,"E01008401","b3f678b6-daa8-4570-981a-d3c51e78c952"
"205",437302.0053,553597.521400001,29984,"E01008777","22d4c9cb-0e65-4be8-87c6-97ad1e29c30e"
"206",418696.3566,565234.679300001,29988,"E01008382","ea836502-cd33-4226-8359-7d2e0684110c"
"207",420671.7699,565645.3718,29992,"E01008344","8691177e-59e0-4569-9ef6-d97e1c52358f"
"208",440150.3359,558982.8397,30006,"E01008786","b289a094-b053-4746-bfea-90a2337f110e"
"209",429301.5352,555136.3014,30034,"E01008870","d664b45b-633a-4e2f-9c65-bb27eb04cc12"
"210",425912.328,565348.2765,30039,"E01008411","d89c7a35-3c1c-4993-84b4-207e027cc74d"
"211",432857.9495,569875.9606,30066,"E01008488","d659e4fe-6fbd-43f0-81f1-f128d13f2a1c"
"212",436086.2079,566016.6697,30076,"E01008666","9f226ed5-eba2-4761-815d-d2aff88e63d0"
"213",420442.5439,561614.758300001,30087,"E01008263","5fffa1f1-a71b-4a85-b75d-dc33836fd5ef"
"214",436614.2394,565217.600400001,30115,"E01008679","9acf34f7-73f9-4516-b77e-9487ee917ac3"
"215",438423.9315,556320.697699999,30133,"E01008832","2f56ff93-1d0e-4e43-bf8a-2e6228541221"
"216",428629.7819,567345.7883,30136,"E01008534","a9f23e02-0dde-4d10-8a42-2d897f473b0d"
"217",423609.8294,563991.379799999,30140,"E01008439","d85a38d6-b699-4092-97ff-220261f7d952"
"218",437863.9449,553226.6952,30150,"E01008802","9e676f29-7378-46ec-a1fd-85fd875a8556"
"219",434670.1736,568590.657199999,30157,"E01008530","b55310ed-2780-49c1-b68a-527e6db2ca1e"
"220",439962.8251,557139.318,30164,"E01008703","3ab21fe4-1543-4dae-ac0d-5a902988b272"
"221",427947.0741,554416.694399999,30174,"E01008172","224ba35b-eb92-4c11-bd9e-9eee94e7ea2c"
"222",433627.6659,563021.7831,30220,"E01008631","ff4b2c6a-8449-48a5-8a70-4c646fcb6b5f"
"223",431782.3841,571549.023499999,30230,"E01008567","cc0e1c12-2fad-479e-a8c4-db45525e732b"
"224",433558.7125,562038.9189,30239,"E01008630","2761b068-b29b-4c81-b9ea-93f86495d3aa"
"225",440521.3161,554579.1822,30252,"E01008779","31a5e6ae-323d-434a-a82d-3d702c8053f2"
"226",427972.9747,570764.774800001,30256,"E01008505","2109f578-d06a-4357-adb7-c44caf631ae7"
"227",437212.6684,554655.273499999,30257,"E01008827","a2e58d8a-cf63-4334-9a5e-e062ffecd143"
"228",415604.2274,566324.3849,30277,"E01008400","2a0afe3f-91a4-4a64-ae7e-a504c4e92888"
"229",435069.2514,569470.384299999,30279,"E01008525","10e8fed1-0b36-4fea-9247-6636e67542f5"
"230",438912.2855,556107.6162,30299,"E01008835","e1c5e336-c52e-4889-9f73-f4f9842a4726"
"231",434176.4258,563633.161900001,30333,"E01008602","feed43c1-bb16-4b11-b331-adcd889cc633"
"232",434722.8615,573309.7684,30344,"E01008546","7ab93437-298a-4ae5-9728-cfb3d7220c7f"
"233",422917.1391,567748.498600001,30345,"E01008374","610d3ac8-ecfa-4a50-8d95-c44510da3070"
"234",423961.4674,562477.794199999,30347,"E01008258","aa0be709-76df-4364-b055-42cb30a7334f"
"235",434312.2429,571777.0403,30349,"E01008553","42ff081a-4082-428e-8efa-8378c778fae7"
"236",436702.1344,553248.7776,30351,"E01008773","bf7b969a-2cb5-4bcf-969e-4746906aae1d"
"237",432584.8588,572233.567,30353,"E01008564","d2d0bd0b-8203-4f62-bac5-34b78fcbdb6a"
"238",413257.2693,563267.946799999,30361,"E01008200","a4bf25bc-3e0f-48f3-8cdf-21c75ff494dc"
"239",433604.4758,568644.339500001,30364,"E01008492","f89b3c8f-eaf1-489b-b567-e27f2ab6db26"
"240",429149.3797,561150.012,30371,"E01008242","4f0d3a0f-a6c2-4dfb-b4c9-924be3d3ebdb"
"241",433080.1037,562890.931,30379,"E01008632","71ef206f-3236-4fde-9706-d6e51b5c6431"
"242",426034.8168,560306.789100001,30385,"E01008238","7553414e-9500-427c-b280-17a62d190f43"
"243",415302.0976,566684.6556,30389,"E01008403","ed42f787-b4d7-4f68-ab49-842cefcd852c"
"244",423185.9922,564979.238399999,30400,"E01033556","525473f1-39c4-4308-a8ac-b048edc050fa"
"245",427443.1321,556457.097999999,30418,"E01008222","7159b8d2-a462-4649-8e36-bbaf00ebf85c"
"246",427129.1412,562582.293400001,30430,"E01008214","31ccdcca-978b-4f30-8283-03493adb1190"
"247",432557.1642,552544.5156,30431,"E01008793","d0e2a288-f0b4-4e7f-9e2c-d58969ef1277"
"248",436978.7097,553927.8847,30433,"E01008776","dea45f8f-6897-419c-93e1-e6f2e7924d6a"
"249",426528.5185,565045.9275,30441,"E01008413","8228e898-c678-4b48-b5f6-8be78a8cc151"
"250",438496.0882,565087.075099999,30443,"E01008636","c10563c4-79d8-4aea-a879-3969bf69dbe5"
"251",427505.9537,554211.6851,30465,"E01008173","8ab42ef4-c6bd-4f55-8b4f-ee86a7ed3887"
"252",427028.913,572101.1733,30472,"E01008476","0c83bacb-a667-4bef-8c64-afd17b3f159c"
"253",429345.5645,565647.349099999,30481,"E01008436","4a6b1479-6c9f-438b-9cd8-3d1d8fc011a6"
"254",437431.7218,566178.179199999,30486,"E01008677","e078d2be-7ace-4390-8052-7a571f33bd83"
"255",433759.1947,569896.3157,30487,"E01008489","ea3b444d-cc36-4389-a6b4-09f0bc765b87"
"256",439211.4666,556457.057499999,30490,"E01008831","aa4fab9b-9a2a-4fb6-b208-6a11c02291b8"
"257",438652.0646,556241.535499999,30546,"E01008830","b6d60d35-3e7d-4776-9a3b-b8a0146ae9d6"
"258",425796.944,566315.445,30559,"E01008366","c9e9ae8f-3abd-4e07-85de-6fc5c4af00a1"
"259",438540.0614,552234.724300001,30562,"E01008765","6c62c4e5-e800-4f62-9f0d-7f953c9a1b27"
"260",438087.1312,565507.5233,30569,"E01008650","d127a564-0dd1-44f7-9ce7-29145ec8d25a"
"261",422786.1122,569573.693700001,30593,"E01008342","124113ec-a2b8-453a-9ea5-4ee161974c56"
"262",435640.7094,572284.1746,30617,"E01008584","74d3327f-cd0a-49f9-9044-bb32025e9186"
"263",431059.4162,564319.063999999,30622,"E01008641","8bef9462-f9da-4e4f-93e3-14d563e7e67d"
"264",432848.4695,565444.902899999,30626,"E01008604","5f102778-2b25-437d-a5f4-6fc71716697b"
"265",424702.9271,562215.9705,30656,"E01008170","977baf00-e964-4be0-b519-b75cdc391e54"
"266",419599.7247,560213.5722,30661,"E01008271","9e2ba97b-79b9-4cff-9a5b-f8c2306aca83"
"267",425907.999,568014.755799999,30671,"E01008321","61b9d79e-0c4b-43ae-946d-02e4f657ee03"
"268",434336.6907,563130.034700001,30692,"E01008603","9b10a92a-9c16-49a6-b64e-526f1894335a"
"269",432892.3684,553675.696900001,30703,"E01032484","20aa7146-4c3b-470e-9bf1-477d56409530"
"270",423806.7071,560990.853,30724,"E01008260","9ec43ae5-cfa5-4450-b356-ecd8536705f4"
"271",432481.6543,553580.6645,30727,"E01008800","0f9d29ac-ddd1-4610-8364-d1d94535ae77"
"272",438309.7026,555044.4749,30741,"E01008782","f1a2678a-ad0d-41c7-9d4f-2edfb2777d6a"
"273",426634.7532,565231.402799999,30764,"E01008412","5d6fdc5a-42c6-4616-86ff-6bcf870e6d11"
"274",427295.4102,566926.2466,30793,"E01008314","553ba119-6ca8-499a-a97a-167c8dc67012"
"275",422744.2822,563632.664000001,30818,"E01008437","f42d1806-2103-4ac2-af6a-ccec9b46cd8f"
"276",431362.8189,555684.1665,30842,"E01008851","9fd8304c-9704-43d0-980a-72b154a86632"
"277",432547.5859,564857.8155,30854,"E01008660","c3db2512-8005-455b-a63b-74944fa7adc0"
"278",423930.0571,570218.203500001,30867,"E01008309","3060b27b-0853-4115-82a9-cfd0939dc034"
"279",421462.0184,563957.4914,30885,"E01008290","a1731a6c-19ea-4745-85ea-13432effe91e"
"280",436126.5065,556306.076300001,30890,"E01008810","971fdedb-8383-4db7-b8b7-89a9cc297948"
"281",430919.1456,557348.0693,30893,"E01008853","be9c012e-db02-4a33-8b88-ee5e622ed27d"
"282",429208.9282,556101.8442,30899,"E01008869","482f4546-8b1e-4165-aee9-40f654b2825e"
"283",436905.0229,555868.517100001,30924,"E01008758","a86f9d44-8b95-4387-a8a5-2f2efc90c1bb"
"284",428487.2775,571351.759,30945,"E01008506","2015c2a1-22b1-4e9e-8154-01bf3141631c"
"285",432418.6432,567653.6217,30947,"E01008508","3a605d52-7115-4d7f-b9a4-b39d6bb2657c"
"286",420789.6574,561770.6779,30959,"E01008265","efa795e2-192a-4f42-981c-d419ea683936"
"287",428396.5649,571685.2141,30969,"E01008504","c4ad43c8-c50b-4cc1-87f9-bb561b457ab5"
"288",440438.6637,560875.8751,31002,"E01008723","3061f248-103f-4bc6-bcf9-bb3907ce42c1"
"289",418150.4921,565193.543400001,31006,"E01008383","ca47ba16-52ab-47f3-8d0b-2215147cec2d"
"290",426976.488,556562.9342,31036,"E01008223","86b21553-9ac9-446c-a96a-3c2a814dbc64"
"291",418240.0139,567424.9736,31040,"E01008442","de5f5fd2-965d-4185-a628-8a30c795466c"
"292",424867.1801,568275.610400001,31043,"E01008354","44119020-b479-456d-8e5b-5208bd7a6b42"
"293",433548.7634,567055.139,31046,"E01008540","4d71216c-e1ac-4dde-8cb4-2ef950424c74"
"294",420961.1438,568599.230699999,31050,"E01008294","fb9570d8-6d98-4354-a116-764ec87f6f34"
"295",430596.3581,558508.044199999,31063,"E01008856","81f90c1f-e7aa-4f52-a59d-d75a8db356c3"
"296",435666.0033,564042.6515,31068,"E01008593","f11c99bd-24bc-4d03-9a8b-dbb33fb2463f"
"297",430529.1991,563936.280200001,31083,"E01008642","8b353317-0d6e-4e30-b1e0-f5df4bc37d91"
"298",417398.6484,562806.991900001,31088,"E01008179","4cf35ec9-3c19-4736-954c-2b48ce9503c3"
"299",429677.8774,558048.4252,31112,"E01008878","d75ae0d8-eac3-4e0d-b2f9-03ff4627190e"
"300",420750.8146,567153.051999999,31126,"E01008298","c869740a-261a-4869-af63-5d74b92f84e5"
"301",419005.9766,564768.6598,31139,"E01008387","c2fab279-da2c-4811-bca3-94069f0d559e"
"302",428584.1577,564240.036699999,31142,"E01008426","c8505aaf-5adf-4567-9747-022b68fd9ab4"
"303",428809.0082,560737.5042,31184,"E01008231","10b1efb8-68bf-42dc-8988-dab408219fba"
"304",421333.3992,561463.826099999,31187,"E01008264","5f5780e2-c8ab-4e00-8767-109dae38db35"
"305",435289.0481,548467.5911,31217,"E01008718","4c37b49e-0445-41da-a440-e51b1284ab5c"
"306",435976.5973,570857.1351,31230,"E01008495","ecdd4fe6-bfb2-4d68-8ca9-bfc869bb17e8"
"307",415146.8782,564453.866699999,31244,"E01008250","bcd3e943-5bc7-496d-929a-7e52a4021bb0"
"308",419379.0577,565279.396299999,31258,"E01008386","96d66d2d-5b30-4a50-81dc-14d254de53f8"
"309",419027.6577,565552.2963,31290,"E01008384","d3804a09-f968-47bb-b2f8-c58e284fb8a3"
"310",439482.6084,554948.875499999,31293,"E01008784","914be7e3-abdf-44d2-b947-bf3d7d1ebaa1"
"311",440163.4597,556640.118799999,31298,"E01008836","37b999dc-7dda-40cb-b9c2-f2d6cc10b80c"
"312",438024.0421,563593.8073,31303,"E01008622","ccd2e02b-54e3-4675-96a4-3065d29319d7"
"313",428871.2296,564909.726600001,31320,"E01008431","d4c8c079-f68b-4779-8e5a-e3884a8f8394"
"314",426444.0666,558681.6941,31321,"E01008190","3fc58657-03e6-40b0-b621-45bf07941ac6"
"315",427340.2321,560656.2261,31340,"E01008230","f9783edd-efee-4705-af6b-33a45279b06f"
"316",430007.5855,567998.159299999,31341,"E01008464","350c2b1d-3629-4c6f-9af5-8408d82cf433"
"317",419675.3109,568352.9431,31356,"E01008460","4fb5a3ff-c3c2-4ec5-a7fa-62558913e88a"
"318",436511.8888,565580.9066,31359,"E01008683","a66c1b8c-176b-4017-b4a4-239cc9500478"
"319",437467.5951,552215.5195,31365,"E01008770","8b12f6e3-858d-4cdc-a77d-e214c446935f"
"320",433863.8134,571848.2696,31384,"E01008522","e1ab015f-99a0-4a57-bea5-2eed771fef2f"
"321",439185.0641,560296.9318,31391,"E01008724","613244e9-1898-40dd-81b2-82b159b5ec41"
"322",440049.3204,556041.438999999,31401,"E01008735","26ec649c-914d-466d-8b8e-371a372fb0e7"
"323",437107.6243,563156.5232,31405,"E01008691","c980f733-a1b8-4bdc-a63b-7e1e76a7457e"
"324",432522.5357,562331.1085,31406,"E01008627","bd6d1b31-d285-4ed3-94ad-c9b687308c0a"
"325",436428.2436,562810.014,31410,"E01008689","4cb0bd94-5a82-41d4-82da-eee3cdc62f0d"
"326",434495.3623,569171.750499999,31417,"E01008526","fe2e95b5-55e9-474b-8657-7a96a8acb6e0"
"327",436118.5795,554228.6801,31420,"E01008823","89493445-bce7-4e97-866f-68337f5eea4d"
"328",425229.9559,561183.2081,31433,"E01008255","5aa1a936-bfcc-4821-8e3e-4597360ae51f"
"329",433956.7059,551247.934599999,31450,"E01008720","83e8cd81-5f14-4bb9-bf23-55c06f58c5c0"
"330",428885.1307,563448.523600001,31474,"E01008427","d73adc98-e8af-4fa6-ac61-129e6af81bae"
"331",436424.7341,545872.7685,31493,"E01008746","b283ab9f-b7a4-4e14-b90c-0511f8d3c982"
"332",415920.7656,558586.0207,31498,"E01008185","11ab1bf8-a5c1-4b19-9845-53c053e9eba6"
"333",439762.6227,559897.0272,31526,"E01008726","4a7c4676-5469-4b77-afb5-0f6f8eda2197"
"334",431299.2635,568531.039100001,31550,"E01008461","aec04e8c-8a2b-4fe9-957b-16182b852390"
"335",421662.3227,566507.2665,31556,"E01008300","8a26c333-7ae4-4e10-91f2-fb03311c2d9f"
"336",428062.1043,559621.6898,31574,"E01008227","6e69160e-4ee7-4690-a5d7-85509288712c"
"337",434652.3972,563307.901000001,31575,"E01008608","4e0eccd9-1a1f-4aa3-9784-91d03e7954da"
"338",418294.9648,563212.1833,31600,"E01008177","c5b9c6b9-a656-4784-8b1f-a707db89039c"
"339",427632.6024,566446.557700001,31605,"E01008363","b61c71a0-0a67-4d99-877c-7bc099f97ced"
"340",428233.6634,569444.1066,31609,"E01008472","ba559242-6862-4fa3-b907-64107956d999"
"341",434070.9121,567371.2875,31618,"E01008541","c99fde8f-f78a-44c3-b17c-8f329828f2fa"
"342",425497.2022,566922.6634,31630,"E01008371","f0ae8c90-7986-4b75-919e-5b6e4321a049"
"343",425458.5911,561621.455700001,31636,"E01008251","c33914d7-005b-41c3-a5fe-5b88b579782d"
"344",435165.3644,570899.963500001,31646,"E01008498","ba4a68c7-8d61-418f-b7fa-c15b6fa99a78"
"345",431494.7723,558278.3235,31651,"E01008855","588ae9ed-b021-46e7-82e4-27d8bc2ecf1d"
"346",423384.7064,560933.2719,31668,"E01008261","0cb033cd-987b-4707-9156-ab5f80f90f5f"
"347",418172.3723,566471.5613,31675,"E01008328","425368fe-87d9-4a3e-9817-e7ec6ae6004c"
"348",435246.2264,554847.1493,31692,"E01008734","693fe1a1-0ed1-40ca-8ee4-bf16e2911b74"
"349",434510.1709,570526.387399999,31702,"E01008556","b7b5ef5e-6e5f-4fea-bec8-1fc32e5f4c80"
"350",440557.1567,555491.8106,31703,"E01008738","ba6930ad-3494-4884-bfb7-85d5f781103c"
"351",439579.4474,564818.1812,31708,"E01008684","c8abd4c4-a6f9-4dd8-8554-a34799e42a3d"
"352",427221.8983,566181.170600001,31734,"E01008364","4aaecd9e-bea2-4b82-a67c-2ab5ba6e6e3e"
"353",421778.7361,569203.1163,31741,"E01008313","0dfeed68-8311-4317-95b1-8da806656fd3"
"354",430625.134,557969.3904,31742,"E01008858","276a750f-c4bf-46e7-b863-900879d580b3"
"355",426318.859,560665.968699999,31753,"E01008236","83de91c8-d0e2-45ee-aa06-0d3f0a2311d1"
"356",433760.7968,567803.614499999,31757,"E01008484","525ff053-99e5-4e73-ad1d-f8c88bfe66a8"
"357",428253.6928,564898.283299999,31767,"E01008391","2f3c18c4-a81c-435b-871e-a7512c0c342c"
"358",425430.4133,561967.196799999,31770,"E01008252","81377e1c-4f2e-4d46-b5c4-ab2a9a3e7a43"
"359",435789.1175,558102.01,31797,"E01008697","ec7f4ccc-b8e8-4e05-9192-510e2e7c7324"
"360",438593.5613,564674.2996,31818,"E01008633","4fa4eb3c-d5a6-4843-a5d6-ee419737c6aa"
"361",431052.8176,567509.5405,31833,"E01008576","90414726-3c7d-4b14-82a9-b30535f1cf93"
"362",430454.0047,555553.896500001,31841,"E01008848","2a533c35-eb3f-4fbd-9047-d353dab58ff2"
"363",417077.2627,566306.107799999,31867,"E01008402","2f53d2a3-079c-4cd5-a538-13ef4c688f95"
"364",429170.8278,564617.9836,31869,"E01008429","62dced68-3473-40fd-abe7-692feeed9e1b"
"365",433331.6536,565239.247400001,31871,"E01008600","059e57bf-dfee-4abc-9257-2a67d2a53f93"
"366",423440.3422,570338.031500001,31896,"E01033550","87d8d5e0-3394-4096-b0a8-12cb3a231f40"
"367",429911.7241,567266.9922,31908,"E01008574","cdb45c29-66d4-4fe0-a585-68d5e6cc1164"
"368",420994.1383,559028.139599999,31922,"E01008272","f008355a-d363-4b3f-b880-6d5fe1eba9d7"
"369",422666.1175,561053.1403,31933,"E01008207","2a81f53d-562a-41c8-a577-a0d4404381ba"
"370",435057.2679,572830.253599999,31938,"E01008550","f40598dd-1a0b-46b9-8de3-2b1368714eb9"
"371",429809.4251,556758.045,31948,"E01008874","1e879155-e116-4b4c-81e9-ee8b8d3d6cb7"
"372",429807.6735,555237.902100001,31955,"E01008871","4d7acc08-17bc-43d5-8531-a7f7300fe1f2"
"373",425110.2688,566613.8125,31965,"E01008373","8de3de5c-b9e1-4fce-823e-4ebd1c81e3ae"
"374",420380.049,562094.9867,31968,"E01008262","a4fc3f42-1bd3-4195-955e-3a8536ea940a"
"375",426892.3265,573928.919500001,31971,"E01008480","9770fed2-72c7-4acd-9c2f-ced64661d041"
"376",430065.3999,554294.869100001,31972,"E01008865","4efbe810-f3d1-40ce-a264-f1b29bb15079"
"377",436794.2551,562738.275,31973,"E01008690","9fe2320b-14b2-4056-a76c-6e6a40119d5f"
"378",429945.3925,557503.063899999,31987,"E01008879","fbb28812-6d10-483f-9741-dad2a4ce8e39"
"379",429657.084,561089.3519,31992,"E01008281","7638e99f-0955-40c3-b9c8-f3ff441a64fb"
"380",427396.56,561596.9441,32003,"E01008212","4b0cda78-da1f-4891-ba29-cda866522fb1"
"381",437029.2934,557123.638699999,32012,"E01008762","b6c44381-8a96-41ca-8e2a-bd92da171075"
"382",419041.7483,562581.0847,32039,"E01008181","e503ae4a-a233-48a3-97ea-6f3a2cb3f8c4"
"383",421710.6852,565425.2974,32059,"E01008346","71e5308b-6290-4282-883b-e8aafa79bb17"
"384",434301.5881,568171.1295,32060,"E01008482","1d5f1625-97e1-49e2-b790-ae3830fe5243"
"385",438405.2776,556948.805299999,32067,"E01008706","50487b30-a511-45b6-aba7-428555ea2843"
"386",415896.7546,566995.9683,32078,"E01008405","49cade78-cd06-49d2-bbf7-656a0bb6826d"
"387",425730.7008,566126.2951,32094,"E01008368","4beb5dd1-eed3-4a37-ac2d-84ad1dd684d8"
"388",439928.6445,554483.558700001,32095,"E01008780","16aa5363-d959-4844-8198-bcec2dffc21e"
"389",433244.3692,572708.7159,32101,"E01008548","1b2b41c0-cc1a-4c0d-a137-e5f497373026"
"390",431770.3628,567183.485300001,32114,"E01008511","610a5ec2-260f-4f18-b32b-9fe90b27321e"
"391",427511.3898,558669.621400001,32124,"E01008225","15fae076-afa1-47c6-a135-522fbeceb15e"
"392",425674.0755,562282.7566,32197,"E01008163","6cdb83a3-b253-47db-952b-2da5f674231a"
"393",437718.7343,555152.851399999,32210,"E01008826","0ea1f53b-6281-41e0-90c3-bc12bf87769c"
"394",420209.1665,560165.262399999,32214,"E01008270","5a80c0e3-2225-4f43-b07b-d4dd6d956704"
"395",425121.0004,567403.0734,32218,"E01008422","461a9874-1e41-4d92-8cd5-13efb9b342e9"
"396",422314.5153,568974.1447,32227,"E01008338","6b573cfa-a907-40f3-88ac-d6519ecf0532"
"397",424015.3334,567149.9016,32228,"E01008423","4bd50af7-d7db-450a-af2b-18585a280186"
"398",425218.3783,565707.9976,32232,"E01008370","2134c5bc-fbc5-495e-be73-5100b55dbe0f"
"399",425843.7087,558922.2711,32242,"E01008194","1bd5f4fa-8ee1-4f74-b461-3dfae32c315e"
"400",429918.3578,560809.695599999,32253,"E01008284","ae43bb17-fc19-406e-bace-3e8127f6f30a"
"401",436762.6514,565772.357899999,32268,"E01008678","96fbfcf5-1497-460b-895e-adc6f9fb5b37"
"402",421752.4757,567201.896,32271,"E01008377","bc36441b-d937-4c5b-bd30-9b132c7d1212"
"403",430590.599,564607.3081,32272,"E01008640","d8395a11-df52-4137-b052-69be6507bdf3"
"404",423167.2959,564119.136,32279,"E01008331","360d993b-e944-4302-b163-def30d811ef7"
"405",427040.7483,555915.2204,32280,"E01008175","4b9c83e7-fe7f-443a-ac7e-849dda0848d0"
"406",422933.0046,568362.8423,32303,"E01008341","7b3af755-f0e1-4427-9333-6c3b84859f6a"
"407",423346.7008,564869.7487,32314,"E01008396","25540f41-5573-4633-9c23-3d4a570a6629"
"408",423415.568,564459.5239,32333,"E01008398","e9b37dec-5748-489e-acc4-d91dbc6a9160"
"409",422419.2139,565819.9844,32337,"E01008452","caa8d1be-6103-4aae-95ad-0f530663d859"
"410",440429.9495,562266.275599999,32340,"E01008686","e6a492b7-1c36-4bef-bafa-d6d01c1446aa"
"411",427479.4486,570213.270199999,32374,"E01008499","2a5eb83e-9a77-4f70-8f77-dfc175f23473"
"412",426603.3867,568536.735099999,32375,"E01032650","f0928c0e-7260-4f95-80fb-eedd5827dac3"
"413",439990.703,558351.222100001,32382,"E01008787","a63d3e66-f853-4734-827b-d0ccc04cc22d"
"414",439550.3897,556176.0584,32386,"E01008834","d1fc06a7-dd28-4637-8417-189919990f17"
"415",432654.5378,563200.275599999,32402,"E01008659","5d2f4ed8-5e34-4436-aaa4-0b6bb41a3d30"
"416",426209.2616,565772.194,32405,"E01008409","36a60184-6d58-49a5-bd48-568308f62c57"
"417",428172.1398,563910.624199999,32412,"E01008389","5337d8bf-2bf8-4def-a6c5-9b0b257fb6db"
"418",434592.1614,574060.7893,32435,"E01008551","495c2a0c-ded1-46f9-a363-e1f1881abc76"
"419",430260.3383,566527.9508,32439,"E01008573","76e20e37-2b63-4bc7-bee3-819a7c9f1f5a"
"420",433990.9067,552888.1128,32464,"E01032483","783731eb-b085-4b1d-86bd-71bfb1be6c60"
"421",425896.5482,559351.928400001,32470,"E01008193","ca42d3ca-4128-45f1-9d3d-a5ee16eeca25"
"422",435096.3055,572324.3311,32477,"E01008586","d9c73a0b-3f6f-40ee-962b-9715e64c5cd6"
"423",422114.2954,566529.625299999,32489,"E01008380","0a53613a-6683-486b-9cab-9748821e8d7f"
"424",439265.1203,558624.4396,32504,"E01008708","e7e1b9a8-c9b0-4856-b38f-345f0384ff2b"
"425",437438.0508,555857.195699999,32517,"E01008761","f3ab2223-22ce-4498-87b4-cb30aaca2f6e"
"426",439491.69,558489.8671,32519,"E01008711","b8d37466-2361-4ac8-970a-57d6600e8dfd"
"427",433467.0176,551628.092599999,32526,"E01008721","bf69298b-f0a2-4678-bf0d-a4e8a474499d"
"428",428891.8465,563817.9253,32530,"E01008428","2db718d5-e83e-463b-9dc9-80571e7ffb69"
"429",434716.2684,563845.8687,32532,"E01008670","433d2a47-f381-44c6-b0a5-5d439cb40d9e"
"430",431952.3318,571127.952400001,32537,"E01008568","042b5133-959d-4a70-8d21-8e178532b931"
"431",435478.9946,563293.172700001,32543,"E01008607","ee2f37e4-d665-4a74-ae55-f099f9b8e529"
"432",440066.2512,559558.4024,32546,"E01008727","19b67e04-bbb3-45b8-bffe-ef50cb419f23"
"433",427817.5547,569777.642999999,32548,"E01008470","53dfac4f-dcf0-42c7-b6a7-d7bb2443c416"
"434",439891.9625,558742.842900001,32554,"E01008788","0159153d-f01d-4c3d-a8a1-36b09b9ae250"
"435",420245.8241,567692.031300001,32570,"E01008457","c57e8c3b-be5e-4a23-bd7b-68ea84326d94"
"436",412106.5343,558376.073100001,32579,"E01008186","3cb4c1b5-5d0f-4d26-a60f-9b209cd2f2ed"
"437",425900.8036,564255.244100001,32593,"E01033548","702d7f76-52d1-4b6c-85b9-03a2800d49b7"
"438",430707.6574,556672.8577,32595,"E01008844","70f6faca-fb46-4e8f-8ec8-5278d85f98c3"
"439",431626.8574,568689.2094,32609,"E01008468","967982ed-013c-4fd4-8229-2b26c67ad220"
"440",431856.8944,564532.979699999,32611,"E01008655","7f1a55b0-d675-478f-8ccb-10baaaba1798"
"441",431438.0339,554635.269200001,32652,"E01008862","0937b8bb-d8ad-47fe-9823-5aa8753659c9"
"442",434925.3686,546696.6917,32659,"E01008743","3f0cf87c-3f9e-4c2b-8793-b5aa3dfb62c3"
"443",434985.0922,568233.373299999,32667,"E01008483","cc7a71da-3c50-4f9c-b1d5-2d24d00a2af3"
"444",428068.8336,561675.548,32669,"E01008216","b9a04159-5665-45fe-a4a6-0e06705109dc"
"445",435398.9712,547937.067,32680,"E01008719","12570bb4-605b-4853-a798-266e7da3d704"
"446",437546.3972,556968.771600001,32708,"E01008757","758d10bd-68b7-47fe-b4a9-62c25506580c"
"447",438216.5798,565913.7914,32712,"E01008647","9b2dd8a1-b14f-4a1d-8a94-6fb91c07380c"
"448",427125.1543,567524.026799999,32731,"E01008323","921e7e5c-2b5d-4400-bc92-e38cce3871b9"
"449",415763.4996,564350.231000001,32737,"E01008249","ebb49060-8352-466c-9c13-29f23c70b181"
"450",423971.3289,561854.081700001,32740,"E01008259","69233969-068e-446a-8061-657cfc44db67"
"451",434446.4353,549689.6555,32744,"E01008715","c4a789c5-13b3-4c49-a44a-70b8ef00305b"
"452",440083.3888,552815.090500001,32747,"E01008766","67be87aa-bfd7-4c73-8111-31684f3f30d9"
"453",428676.8882,571087.1237,32787,"E01008507","afe70510-a1e8-4fad-9941-2dd5071a39d2"
"454",439047.1048,565307.1984,32795,"E01008649","904db3d8-5460-4759-b947-41feb8728ddf"
"455",435717.8245,570380.7337,32824,"E01008493","88b6c44d-85b2-4a76-89a6-8bda746e02db"
"456",438447.3059,557322.2017,32831,"E01008700","053cbcdb-a440-407b-b964-4b7b8bfe2d7c"
"457",422709.7213,569148.7477,32859,"E01008337","9df5dedb-e748-4258-b1b8-dcf4ab366e2e"
"458",437454.9674,564636.1688,32866,"E01008681","666cc7f4-491a-4d5d-801d-7304e8500c64"
"459",435657.0923,554897.699200001,32868,"E01008733","31eb3359-4111-4fc5-a727-fc2f105961cb"
"460",428543.0007,569881.771600001,32914,"E01008502","719a977f-7fa6-4157-8776-985a8cdee77f"
"461",426231.3043,567302.147500001,32924,"E01008317","2efe77ae-c0f0-44db-8ff0-34175339c761"
"462",435667.0143,571664.566099999,32953,"E01008589","0e93996e-fb27-40c4-905d-665d13a0f95f"
"463",439592.8256,553063.442299999,32955,"E01008767","cf413685-a1a7-487a-98a9-2c2c2d63dd95"
"464",438199.827,564691.6316,32958,"E01008634","0e0c5ffa-d9cb-4cb5-aff7-16dbb9fe3d36"
"465",439013.6476,564439.5832,32961,"E01008624","120a6b1e-0c85-4502-9d6d-589ce155f6a1"
"466",427763.5948,568962.814300001,32964,"E01008473","fc231b42-948f-4526-8548-441db04f5c06"
"467",413524.4432,563773.151900001,32966,"E01008198","93a4ba0e-98e7-43db-a1cb-123658f4d679"
"468",436070.5434,546330.808900001,32978,"E01008744","4f22d58d-c891-4bae-965e-ee9d3cbec430"
"469",433486.8017,550557.290899999,32998,"E01008753","596014e4-9c64-422a-bd91-aa5e07724746"
"470",440789.2991,552887.0363,33023,"E01008769","39e890be-279a-4506-b09d-6e4f2cbb480c"
"471",428748.8183,568129.585999999,33077,"E01008531","be704d35-4582-4a4e-8170-c2fc089b68c8"
"472",420682.1278,564675.2897,33078,"E01008288","86973351-f4b4-4459-90be-f1bd66d9f241"
"473",425053.0015,566404.0558,33094,"E01008369","fe5ad8cb-a6fc-4949-9136-65f74b9c91f1"
"474",430938.8247,555931.661800001,33098,"E01008852","2fccb489-f429-41b6-81b9-b5d42117c563"
"475",427182.4516,564303.9396,33104,"E01008305","fbeb4ea7-0ca9-42db-8303-3bf15efa6faa"
"476",429070.0803,566149.706499999,33106,"E01008434","f5e0ee7c-1733-47f8-8397-4402eda353b2"
"477",436892.2482,569597.790200001,33108,"E01008560","cfcdd079-da32-42a2-b78d-1f7e6bcd6465"
"478",438070.3071,556930.871200001,33126,"E01008704","7142dfe6-1c69-4f80-93fc-a6dcb1f554e3"
"479",426889.6121,566084.2147,33142,"E01008365","17c12737-2f6e-40c7-ba84-d9a71955ceb9"
"480",433917.4108,571305.5495,33147,"E01008552","d66800f3-df1a-4294-b07a-c492d520f1db"
"481",425916.7707,560815.8969,33150,"E01008237","d474ed0f-a38f-46cd-a2ed-5db4c3a4d94a"
"482",436405.0269,556835.004000001,33153,"E01033076","0c03e302-f914-42f2-b346-5aff5e9ee02b"
"483",422559.9912,568315.4002,33156,"E01008340","46f52ee0-d3c3-460a-b4fd-3b8803ae911f"
"484",420609.9135,566292.2961,33157,"E01008350","66b89872-da56-4d47-8af9-a70905d8b93f"
"485",427160.8309,561120.073000001,33175,"E01008228","ecab2135-1c32-4b43-859e-5fdae234b1bb"
"486",432972.5665,571876.208799999,33183,"E01008518","46801ec9-4d5f-4bc4-b250-cb7203016fb8"
"487",428854.4505,561660.302200001,33201,"E01008241","20b80250-7b4f-4195-805c-5cf3936b7ee4"
"488",438347.5349,562449.298599999,33207,"E01008619","99b1631a-bf78-4ff5-af87-dcccdf5d7633"
"489",427063.033,565687.358899999,33231,"E01008359","14e558ac-77d9-4cef-ae80-4d66d05319e0"
"490",421299.4269,569214.4844,33232,"E01008312","7bb2f58a-d7b3-46e7-bf45-ba04b7eeb15b"
"491",440177.103,558043.648600001,33250,"E01008791","7bc4326b-db95-4f5e-b8d0-4605221fc572"
"492",427745.4961,566915.5821,33251,"E01008316","29529774-9f0b-4178-8aa2-874766604bec"
"493",436315.7747,563385.252,33252,"E01008692","607d3271-dc29-46b8-87c6-a2fff7c0a4f3"
"494",434736.8508,549038.124299999,33258,"E01008716","08eb1120-2c2f-4c5c-8c12-8c566c4b8d71"
"495",436406.3208,564612.49,33261,"E01008592","0851baad-d6b0-46ec-bc35-8ef715100066"
"496",437178.519,565114.999399999,33269,"E01008680","4b2f4fe9-8589-4354-ae06-a24039566cc2"
"497",428510.4622,565901.277000001,33272,"E01008433","2175bdc2-f423-45df-89a6-f557226636f4"
"498",428039.0332,554984.3927,33273,"E01008176","a63e387b-9f5e-473e-8106-198d3e8b885b"
"499",430214.1816,557107.7239,33275,"E01008880","9be4c2db-3844-48d2-92a8-c252078a448d"
"500",422961.4751,564647.758400001,33296,"E01008449","df1708c6-3e3d-4db8-aa56-17ca3c471f5a"
"501",417173.3712,562136.799699999,33297,"E01008279","ce971c6b-966f-48cf-a8d2-9d77aae81ef7"
"502",436136.2659,564038.4548,33307,"E01008594","c0991be3-ec7d-4d2c-831b-09c2ca5df766"
"503",420289.1328,569098.092,33311,"E01008458","e9cce512-e8b3-43a5-af29-0b2bc983ce0f"
"504",437758.4327,557231.828199999,33318,"E01008701","d3d3f08a-4520-49aa-aebb-c85f47a4f7e6"
"505",418507.4972,562376.3945,33324,"E01008182","09e6c8df-3df6-494c-a4c9-aa521b94f2bc"
"506",434424.9318,567943.987400001,33325,"E01008485","ac38c87d-db1a-47ce-8af2-35882be02770"
"507",417715.4209,562690.6522,33332,"E01008180","d955412e-9d4f-4a5b-acf8-6b0e18a857a5"
"508",436984.106,555180.9363,33334,"E01008825","a636769e-6b25-4c20-b1d8-dc525957c961"
"509",426665.736,573469.691099999,33335,"E01008478","c26cb7a8-abd1-46bf-8d0c-00776ab41325"
"510",437029.129,564316.355,33349,"E01008682","1a717d75-b391-4055-be22-27de161634c4"
"511",425894.5466,573721.708900001,33354,"E01008583","597d8860-1bf5-4134-a58f-521a3ab308e2"
"512",433467.6117,571715.644200001,33360,"E01008521","57bc6344-3405-4ce1-b443-a4dc2e475795"
"513",435137.4148,559240.792400001,33364,"E01008698","8db66fa0-e1f6-4c32-b820-f3fbf09b7150"
"514",439246.3577,559503.5747,33368,"E01008713","92ea07e1-f366-4f51-a77f-7e35c9af3e1b"
"515",431801.6976,567613.4059,33369,"E01008509","2f84d723-a96b-42e5-8be9-03eb37fcf2ff"
"516",440578.7336,555061.550899999,33385,"E01008739","18a717ce-0d9c-4b1a-b7ef-0152014d81d2"
"517",437010.3303,559009.7322,33387,"E01008819","6ff3b58f-9fcc-4ed4-879d-390aa803f205"
"518",427293.7823,556984.8454,33397,"E01008224","de45a86d-6225-4c5d-9821-f2ddd449ded4"
"519",430685.8386,563205.300899999,33408,"E01008643","768cd503-14d5-458a-a00a-c33fd578f1fb"
"520",435562.2285,568280.2576,33410,"E01008524","24ae1993-4b80-4780-bb45-53e0dc11997a"
"521",436739.7828,567229.4671,33415,"E01008596","13b73a98-cc69-49f9-af2d-92c0b312c043"
"522",421329.206,566683.2467,33431,"E01008297","2f1560c1-e626-4643-9c3e-cfd112b1635e"
"523",417253.0698,564094.4142,33438,"E01008248","d417f399-490d-497e-8d02-6183c9cf08dd"
"524",436868.7858,559303.5842,33445,"E01008822","8514938f-31ae-4448-83d2-099b45dbf862"
"525",437576.9536,554778.997199999,33452,"E01008828","6977c953-af6b-4d1f-8a82-ebb0f30cb83a"
"526",425980.2306,561484.0995,33483,"E01008205","45128cdc-6ec2-4b1e-8a26-1849d481d901"
"527",436764.793,554618.880100001,33486,"E01008829","46e34d5a-d34a-435c-aae0-e74db18b9f24"
"528",426406.4764,561703.786599999,33505,"E01008204","5b1d9473-94ad-4a17-afc8-037241095abd"
"529",426809.6902,566705.3682,33510,"E01008318","b5e1ed31-9a4f-417a-a017-f472e7089768"
"530",419967.5397,566358.132300001,33515,"E01008327","c00059d2-ba67-4a4b-ba62-43c65f4b24d3"
"531",432176.6302,566642.3555,33531,"E01008543","a57aa860-4d84-4deb-a7de-64604ccf6742"
"532",435453.012,555955.8674,33579,"E01008730","9f7f5b26-2847-4fb4-b319-fc0cd43939ef"
"533",420162.6747,568233.793500001,33582,"E01008459","7e69acf8-99d2-4bed-9473-52f34b74e863"
"534",420665.9104,558815.110099999,33597,"E01008274","5dd2ae1d-a0ae-46bf-a294-74e32f4eab13"
"535",435094.5827,564244.4125,33604,"E01008672","fc0247ca-13e4-4fdb-b818-64043b14cb65"
"536",430769.0584,568097.602499999,33626,"E01008462","0ad9dbd4-ccbc-465f-80ec-25ffae0d06ce"
"537",436998.7173,565532.816400001,33633,"E01008673","3c4ab7ac-bf41-4828-a1e5-458651d1c339"
"538",433125.7752,569286.1949,33667,"E01008491","d963a2a3-c326-43f5-9a91-28632401b7c8"
"539",422177.0026,564908.321900001,33672,"E01008349","cd1e6074-e3a2-4c70-bf53-993f5f95c394"
"540",429441.2116,561682.680299999,33674,"E01008240","a4d23cb3-d6b0-4938-96ed-ffe41d56aad2"
"541",423140.2815,568897.476500001,33691,"E01008336","472185d9-bcc9-4b93-b65b-f19d5acc020c"
"542",425179.8074,561746.5977,33696,"E01008253","bcdb8c89-5a99-41fe-b53b-e6430bff9ad9"
"543",435979.1388,552647.9311,33699,"E01008775","20769d6e-9669-43d3-8d67-b7ef97d1ca6e"
"544",425542.2795,560107.260399999,33708,"E01008239","7f8d07bf-df8a-49f6-9db5-c9fb59e64ca0"
"545",420973.3187,567890.0316,33717,"E01008293","24e79000-6eba-449d-8aa5-78399392dfed"
"546",423887.7955,572724.2371,33734,"E01008579","595edf69-7f40-4fc3-b66e-4dedc5346268"
"547",435039.3819,561651.877599999,33764,"E01008610","162b75e5-1376-4fbb-9b3b-b189296a4980"
"548",425787.4931,564670.1897,33765,"E01008406","b41befbb-92a2-4205-83bb-ad48e2c88090"
"549",424296.6832,569024.3081,33767,"E01008358","21d154c4-1c36-4035-b64b-46c611d0e77f"
"550",429259.6582,564895.399499999,33795,"E01008430","fafb8cfb-65be-47fe-916b-240e6f05293a"
"551",424445.464,570249.121200001,33796,"E01033551","1cb6d481-3afc-41bc-96a9-b436f3a62e96"
"552",423362.82,572256.1527,33816,"E01008580","517965dd-4d54-43b7-9497-0cd76f2f7a47"
"553",438797.1911,557006.2675,33828,"E01008705","d1fd070e-895b-4cc2-8905-20db4a193cc2"
"554",422540.9183,564875.873600001,33833,"E01008455","28fc1252-a89f-4c61-af0a-0d260c44be01"
"555",439033.9111,564932.4976,33856,"E01008637","d7432790-d164-4501-a829-111b3468ad07"
"556",423389.298,560278.4322,33879,"E01008256","8e0beb38-b7ee-470a-a1d5-12209a7f657c"
"557",427180.4736,569213.460000001,33885,"E01008471","283694d7-7348-4b39-ac27-ca3710df00aa"
"558",440524.1003,557252.653999999,33930,"E01008702","2037cff8-53dc-4882-9611-7ac6096a7b55"
"559",425279.3076,566734.3926,33949,"E01008372","4f260190-57ac-4207-b840-ea400c0e4a85"
"560",421026.4674,566502.738,33960,"E01008299","32174c0e-8d26-459b-aaa5-0d6af4b6284b"
"561",429186.6793,568548.2783,34014,"E01008538","0cadca4e-26e4-4690-832d-c16356803471"
"562",436713.5318,566218.3606,34047,"E01008668","4b24f68b-0a83-4c2c-8a67-5e98c02de4d8"
"563",427677.6052,559307.674900001,34048,"E01008218","2e5c2afc-b46d-425a-8534-60d8733ebe47"
"564",418401.8417,564841.345899999,34049,"E01008385","48059ef9-5e82-426e-ad97-e250e48160d4"
"565",428274.8044,563477.3215,34052,"E01008390","c06713f6-8c70-44dc-8759-8b8a19aee003"
"566",435420.0792,569161.229499999,34070,"E01008527","72b6c7cb-7818-4b8a-b877-05077aabc3c1"
"567",417774.7693,561895.480699999,34082,"E01008277","0b4a1738-4bff-49ac-af89-69900cd00bcb"
"568",434783.5545,571683.0129,34085,"E01008554","86b49a7e-5d27-47e5-bfaa-479000299439"
"569",432078.1354,552575.055,34089,"E01008795","caaa2281-46ac-44e9-9f9e-c0fc5d5a1167"
"570",414202.1634,562223.9344,34093,"E01008195","2fa7fc04-dc22-4b9b-ab15-1b7275f73925"
"571",435230.9652,570368.415999999,34094,"E01008494","cc6a69f1-6c18-48b9-a0b9-291e2002189d"
"572",431378.4498,556294.9915,34111,"E01008845","93b82105-1af5-4c68-920d-36e8d782f6e4"
"573",423544.9458,563499.5943,34118,"E01008438","688a2698-68ea-4a9d-9f76-04d213b54d38"
"574",436780.5357,561382.149900001,34120,"E01008616","e1f62457-f8db-47f4-9aae-1e12b332a1e9"
"575",419797.0344,560579.340600001,34127,"E01008275","018d8154-9dbe-4b18-bbe0-3c40760728fb"
"576",433889.6862,568363.1261,34156,"E01008481","6e9bee57-b062-4e4a-a666-fed4eee21b11"
"577",424915.8045,568776.1951,34158,"E01008351","ce140eea-5522-4069-915a-2561b77500a2"
"578",423617.1219,564616.442600001,34166,"E01008399","accb8dff-6bb5-426e-a1ad-86ba87829d52"
"579",432035.1725,556426.689999999,34168,"E01008847","5ecdaf9c-0a0a-43e2-b2c8-b3f29a383a8c"
"580",422376.5835,564243.061799999,34170,"E01008335","1b396d21-a041-4a17-b218-153f6cd3228f"
"581",436775.9078,556390.596000001,34182,"E01008812","dea8e17b-38b5-4cfe-b4ce-0a2e2991e1da"
"582",429033.4535,567751.4099,34184,"E01008532","0973ae2d-50b7-4f96-9c2d-46ad625a360c"
"583",430246.8611,561610.0393,34204,"E01008286","54c9f322-8364-4573-bf2c-703ba87e2988"
"584",436385.3449,553154.9244,34212,"E01008774","89615ae1-b7f9-41c7-a4de-da62d5908492"
"585",424932.1965,567859.9136,34229,"E01008418","e16c88e5-4bb3-4bec-a0e4-4f9c6ad1b772"
"586",437911.614,558968.147700001,34267,"E01008817","78d42790-ce03-439f-a180-c97ebf8155f1"
"587",428938.1375,565689.673900001,34269,"E01008435","3286f894-a880-426e-b7a9-c844c2f2b193"
"588",420121.9052,561173.6603,34273,"E01008266","2d91daaf-3c1e-4b94-ba83-cde68104a59c"
"589",437715.975,556462.424699999,34288,"E01008759","4eb69037-3076-427b-bca7-b1505c20d184"
"590",422860.7616,567117.887499999,34296,"E01008379","95036d6e-45f4-4d02-aa14-3a6dbf9d3eac"
"591",435949.33,565467.2217,34303,"E01008665","364f02b6-861b-4dce-bfa2-b1e3f4e95d95"
"592",426964.451,561476.8595,34314,"E01008202","9cd9d74a-d564-483c-97fc-fd90f628b96d"
"593",413652.1353,563051.9374,34323,"E01008197","e7d36e8c-490d-4e9a-8b52-00a1bbffa23a"
"594",431889.1575,565071.0375,34325,"E01008652","2c8e7981-dc05-461b-aa35-aef07512ef76"
"595",424317.1294,568283.146,34329,"E01008355","8614a7a5-58f8-4e7f-9fba-2f63cd237ea5"
"596",426035.2018,558519.240700001,34334,"E01008189","14c6a456-31f1-4886-9c89-b2bdfbf556ba"
"597",430484.1227,565167.2699,34348,"E01008638","86048338-4620-472e-9cf3-dc4ea5e5fb70"
"598",417890.0467,562251.039799999,34352,"E01008280","aeaecd61-add6-4075-a682-99354d5846e4"
"599",419971.5004,566664.234300001,34359,"E01008324","a62e9f78-65b2-4e03-81e4-dbbf4f5134b1"
"600",432990.2014,552226.758300001,34384,"E01008796","acdee50d-4936-4d81-9b4e-f4eeed483106"
"601",424535.5244,556653.537900001,34392,"E01008226","5d48ee0a-0b60-4e64-96a3-14eee273e305"
"602",420118.9788,567509.5777,34407,"E01008456","3f557633-f8f8-4fc8-a0e5-667480e12974"
"603",432699.9337,549765.2937,34413,"E01008750","0cf7793e-dc44-4c29-98ea-e03017434b18"
"604",433639.5916,549963.770300001,34415,"E01008754","f9ab8f33-f490-4b10-be75-d7747ce2c206"
"605",440005.3211,555340.595899999,34420,"E01008740","eb7e996b-4020-4fc0-9eb6-531fb4e88545"
"606",429839.8977,566620.3605,34421,"E01008536","84b1acc3-7158-4704-a727-4b8afa3d5534"
"607",433828.4421,573149.536699999,34429,"E01008547","43280c58-6612-46e0-9058-df27d3815401"
"608",440817.1996,562008.4868,34462,"E01008687","76d31678-378a-4219-8e5a-20c0fd169b59"
"609",418894.7218,567004.8605,34474,"E01008446","2ff620b3-2815-4f1d-a393-49ccf2f7c4f6"
"610",432011.1884,568047.01,34481,"E01008512","0b95847d-308c-4860-aa6b-42bff997c4c1"
"611",437618.0155,562072.9834,34484,"E01008621","60040453-4029-490e-a6e1-7b475fd83603"
"612",426709.9624,558592.813999999,34503,"E01008191","e077f47b-bfba-463a-858b-3ca897609f87"
"613",426894.5844,559016.538799999,34504,"E01008217","b5e637b7-a17c-4f31-b398-3721e8a79397"
"614",440272.6074,553680.495100001,34512,"E01008763","678b1451-2cc4-4acb-acd9-a5e17017ee90"
"615",434619.2493,572368.8289,34513,"E01008520","f68ec4f3-e4bc-469b-8f87-4789f0de62ba"
"616",438269.9953,553603.664100001,34514,"E01008803","7f8d3b26-44b9-410f-804e-040dca05e95a"
"617",435547.9895,562885.0156,34522,"E01008606","d672bc77-f316-4e07-b4b9-76de0a86c2ee"
"618",433310.3673,569709.6724,34558,"E01008490","ef9107a5-6d50-4c12-80a7-14c5135d0b94"
"619",436711.8626,563170.990700001,34570,"E01008688","4c547575-7d62-4c58-9dcb-6e0661837d39"
"620",435140.7127,559586.7171,34573,"E01008838","829468ec-5d03-4ba9-a449-8744f88f684b"
"621",422785.8622,562365.5604,34588,"E01008209","454dfbf8-6a1d-4251-b153-d7dd23103a23"
"622",429367.6499,556822.880799999,34590,"E01008875","ee181e0d-84bc-4983-b2d0-bdda5749bf33"
"623",436839.7748,566670.7465,34602,"E01008595","6d1a834d-4f47-4248-b424-3009701a728f"
"624",440713.5353,563000.6768,34609,"E01008685","62f7edcb-3909-43e5-8346-1f87196b0394"
"625",440153.739,560015.3748,34622,"E01008725","021ea1ba-5376-4866-a3ce-06f5868ba8a5"
"626",418263.3747,561048.318299999,34624,"E01008276","de02f5f0-86d4-4fb5-a31c-d2c9125c01d7"
"627",421628.6945,568042.2004,34667,"E01008295","0bc5ce41-ca6a-4f3c-b67e-9be0e755f291"
"628",436326.3225,565912.6797,34672,"E01008664","550b01c9-7331-44f6-ab89-5836ac554e6c"
"629",435204.3192,572073.6238,34676,"E01008585","4653ec6d-2d7c-426c-a948-095cc21d68af"
"630",428700.7491,553839.4923,34682,"E01008864","1d321b66-da5f-478a-a588-7cdca80da68e"
"631",432170.1306,564845.5814,34690,"E01008654","dc88d6d5-df99-450a-aeb5-b8b85b9cefa2"
"632",432512.3475,567002.0846,34709,"E01008542","062db698-b1e1-4c2d-9b15-6039fe919c5f"
"633",430396.1956,561232.951300001,34711,"E01008283","5e7a5b7b-926e-4caa-a584-47a213dd79b8"
"634",436169.5907,559349.0359,34716,"E01008839","4a3647d9-ad47-4e38-a18a-a38c2e6f2eb7"
"635",435846.0344,571239.069,34717,"E01008497","cde3c750-a18b-46cf-bd51-91057b922912"
"636",416014.9734,563937.930500001,34766,"E01008246","8c293be1-b314-4222-8515-aa81229fdc46"
"637",436589.9575,553636.818600001,34772,"E01008778","d3929f34-6454-442b-b1de-02ff9972d477"
"638",428919.1707,555790.4877,34773,"E01008868","2d92d6b5-72e9-42b1-ad0b-c514af7df087"
"639",437666.8373,559507.204500001,34800,"E01008821","cbd27085-cf62-4f10-881f-4b6e8282c034"
"640",430676.1857,571069.3671,34816,"E01032647","ae0336c2-8e3c-4f83-a91d-4fa0c20e7676"
"641",429953.0712,567761.784399999,34832,"E01008465","67beeb9a-5ec4-4f26-a057-f8b69f7d79ea"
"642",429911.1561,558542.899800001,34836,"E01008876","bf1baf5b-d532-4207-915d-7d7e1b9dffbb"
"643",424621.8974,563739.314200001,34840,"E01033545","d412ab1b-9f45-4e42-9ada-872ff4a1fcef"
"644",416524.6349,559183.6834,34855,"E01008188","fb37b658-2ae1-4795-8637-1ab9a7a2ef69"
"645",437202.4717,567004.7322,34866,"E01008597","a22a2e48-5c33-48b1-afaa-1098ceab5d1a"
"646",427573.5747,563851.2092,34912,"E01008301","7a0b44b9-48f7-46f3-92eb-5c98ebfef38d"
"647",428919.5897,556933.364800001,34949,"E01008873","ac499e13-b523-4cf7-93dd-01551810c02d"
"648",423146.731,562214.235200001,34961,"E01008210","291db676-efc1-4bd8-99b9-94d8b2f61601"
"649",431405.4867,557783.3259,34973,"E01008854","c3b8089a-cada-48ec-a878-176f6dc63558"
"650",418256.9536,566905.552300001,34978,"E01008447","059c7330-6c47-4777-b2dc-3272f2717e5a"
"651",425079.9693,562517.106000001,34992,"E01008167","a5baa4c7-e2b9-4c87-8782-91b003cce7b6"
"652",435043.9642,558963.936100001,34999,"E01008699","75e86025-bfd4-41a7-b3fd-dd8d86dd27aa"
"653",437960.3177,553744.5232,35006,"E01008809","308a6a15-58b6-4385-9274-5d5ee5c9b05c"
"654",434344.988,562477.519400001,35025,"E01008612","e2e351fb-d869-484f-8380-c7d7b6b87ca0"
"655",431975.7668,563796.727499999,35069,"E01008656","dfb50000-3c0f-4b6c-a08d-a2de6c87d0bc"
"656",429344.2846,563958.624500001,35135,"E01008425","26185e5c-65fd-44cf-b308-6ee2f3fd771e"
"657",436268.1048,555273.3336,35155,"E01008732","56af95b7-751a-4df6-b45b-9f494bf762f6"
"658",421766.5467,565128.8123,35158,"E01008348","0956ed32-fa6a-4295-afa1-a192174fc056"
"659",439802.3388,559280.135399999,35159,"E01008728","940cea87-ef71-4262-a325-007dd28d4511"
"660",436724.4426,567608.9911,35189,"E01008598","5f4ac7ad-4aee-4449-b619-2e41c3078e80"
"661",432246.8865,550270.0549,35197,"E01008752","31bff689-33c6-4ad1-ba99-bd55839b8765"
"662",427533.4236,571380.5286,35210,"E01008479","e4575f7a-ab04-4a0e-a114-149b6b50a4ad"
"663",428446.955,570254.4189,35221,"E01008500","41db2560-630c-466d-b64d-1e6d3904fcba"
"664",435475.9758,556988.8358,35236,"E01008814","1c7ce016-3f19-44ea-9639-3b6a73233a93"
"665",434662.2511,572880.034299999,35242,"E01008523","06e987fe-1640-449c-b4c7-f08bd1fed9dc"
"666",435786.2044,565062.4608,35243,"E01008671","c14a860e-00d9-4bb9-ab80-85f727b7825a"
"667",434812.8211,549635.1127,35265,"E01008714","43dd7981-ff3f-4e87-b251-58beddf27ace"
"668",429889.8744,562650.3751,35269,"E01008243","d02361d6-bb1c-4cec-9e62-c09c76c91468"
"669",435425.3472,547325.399800001,35272,"E01008742","346874e0-8ce7-4c3a-9d3f-ee2b9b31c417"
"670",431359.6566,566982.486400001,35297,"E01008571","a8b312e4-0f6d-4970-b6d5-461d9b83872f"
"671",429713.628,553926.8796,35311,"E01008863","866d71a0-5c81-4ccd-831b-c5a87515becb"
"672",426547.7064,562014.440099999,35328,"E01008165","b84bc87a-b72d-4874-8b63-915ee3ccedfa"
"673",435546.2454,559674.932600001,35343,"E01008837","effa7513-f893-4cd2-870d-83cc588e46cb"
"674",427048.2626,564924.5799,35345,"E01008303","e265222c-7553-49db-a871-acd0ca310b34"
"675",428051.069,564454.3925,35351,"E01008388","db08aad6-51cf-4512-9606-2e9bcd6196e6"
"676",429640.8614,555955.3134,35353,"E01008867","5af4a918-2ea1-45e0-a7ec-ccc0f4fde515"
"677",438184.2795,556167.258300001,35354,"E01008833","3e1f5fc0-88a2-413e-9912-51b36f6f18d4"
"678",420157.2008,565894.999500001,35356,"E01008345","e088ca46-47d6-4f9b-9161-79b8ae21478d"
"679",422340.3274,567492.564300001,35360,"E01008375","d42a360b-412c-4c0d-ab68-f0965839a369"
"680",431023.0105,570391.665899999,35365,"E01008570","3af997c9-28e6-4a9f-b465-93f95e8b9dbf"
"681",441040.5858,552504.6327,35369,"E01008768","540dcdc4-743d-42f6-8f76-c094379ad95c"
"682",419958.3215,564874.966499999,35370,"E01008415","d9c12649-f608-4a8b-8ae6-4ea3808589b0"
"683",436406.0652,558991.148399999,35378,"E01008842","cf9dd17f-0a20-432f-9693-46494e0091b2"
"684",440337.4519,555701.3848,35396,"E01008737","1b019ac1-8614-4d09-b5f6-0167d0f7cb95"
"685",428458.0413,560035.471100001,35397,"E01008232","5d360888-567e-4de1-b897-17c1ad21e4f0"
"686",429213.1626,554247.567199999,35424,"E01008866","821a3fef-6ea9-4893-9308-234e9a2eeb4c"
"687",425553.3673,566023.2097,35432,"E01008367","c35a4f8d-83ce-48b4-9212-c07ce6bd9755"
"688",414374.2154,563962.590299999,35436,"E01008245","e3ee7f83-96be-4588-97ff-2d739eb306e4"
"689",435270.3145,567943.4959,35461,"E01008544","c8d2bc53-bbf1-42c8-9829-38afb0c0fa66"
"690",415478.7853,563903.9723,35465,"E01008247","38a8d2c0-dde4-4094-b768-ee4421ce4332"
"691",428127.3005,565134.168500001,35510,"E01008392","6b8d6046-b51d-460f-afdf-97aed7ff4ceb"
"692",426247.2821,568722.6239,35543,"E01032649","c186a900-a6cd-4689-b9db-8bd2b28ab990"
"693",435991.2151,558264.4187,35579,"E01008693","54c5d3cc-1767-4c2e-b249-40b72b50f872"
"694",424465.5369,567373.0156,35580,"E01008420","5b2778f0-2663-4f67-862e-d4c528009e3c"
"695",437088.7678,561434.3816,35581,"E01008620","28c50537-517d-466a-a449-0e8bd5865f22"
"696",437853.8718,556064.749700001,35595,"E01008760","8e1239a9-9a38-45fa-bf78-962ae06eac64"
"697",435381.1346,558737.868000001,35611,"E01008694","2b9b3009-fac5-477c-9a54-fadb52575de9"
"698",427835.0295,561358.297700001,35644,"E01008213","afdc388f-b717-424c-859b-a7aa6d2b2989"
"699",436065.2853,564466.349400001,35649,"E01008590","a7ef4d84-d277-488c-8fb8-2088b7fd6f77"
"700",434887.2963,567509.18,35661,"E01008545","27c05832-9f1a-4c36-86e9-6b9690e73951"
